yyyymmdd,label,name,%_end_weight,tot_rtn_mtd,tot_rtn_ytd
2020-01-01,portfolio,LPPI  GF BARON BNYMILTD BRZEX589145,1.0,-0.00112977865,-0.00112977865
2020-01-01,portfolio,LPPI GEF BARON BNYMILTD,1.0,-0.00093866746,-0.00093866746
2020-01-01,portfolio,LPPI GEF CASH ONLY BNYMILTD,1.0,-2.0000000000000002e-11,-2.0000000000000002e-11
2020-01-01,portfolio,LPPI GEF FIRST EAGLE BNYMILTD,1.0,-0.0010534006599999999,-0.0010534006599999999
2020-01-01,portfolio,LPPI GEF INTERNAL EQUITY BNYMILTD,1.0,-0.0007688825600000001,-0.0007688825600000001
2020-01-01,portfolio,LPPI GEF INTRNL INCUBATOR BNYMILTD,1.0,-0.00097478108,-0.00097478108
2020-01-01,portfolio,LPPI GEF MAGELLAN BNYMILTD,1.0,-0.00086461117,-0.00086461117
2020-01-01,portfolio,LPPI GEF ROBECO BNYMILTD,1.0,-0.00106222972,-0.00106222972
2020-01-01,portfolio,LPPI GEF WELLINGTON BNYMILTD,1.0,-0.0011494144800000001,-0.0011494144800000001
2020-01-01,portfolio,LPPI GF FT EGL BNYMILTD BRZEX650557,1.0,-0.00112977865,-0.00112977865
2020-01-01,portfolio,LPPI GLOBAL EQUITIES POOL [Aggregated Group],0.99999999999,-0.00091459506,-0.00091459506
2020-01-01,region,Africa / Middle East,0.0033533996999999998,-0.00031153186,-0.00031153186
2020-01-01,region,Asia Pacific,0.09945185601,-0.00118171427,-0.00118171427
2020-01-01,region,Central Asia,0.00841666021,-0.00086995882,-0.00086995882
2020-01-01,region,Eastern Europe,0.00183056955,-0.00126061215,-0.00126061215
2020-01-01,region,North America,0.56910074142,-0.00105171238,-0.00105171238
2020-01-01,region,South & Central America,0.0071505102499999995,-0.0010550809899999999,-0.0010550809899999999
2020-01-01,region,Western Europe,0.31069626282,-0.00058020676,-0.00058020676
2020-01-01,sector,Communication Services,0.06060324777,-0.00100836868,-0.00100836868
2020-01-01,sector,Consumer Discretionary,0.12327640411999999,-0.00080439151,-0.00080439151
2020-01-01,sector,Consumer Staples,0.17073911437,-0.00046121782,-0.00046121782
2020-01-01,sector,Energy,0.01061725271,-0.0014758379199999998,-0.0014758379199999998
2020-01-01,sector,Financials,0.13734317849,-0.0009113660299999999,-0.0009113660299999999
2020-01-01,sector,Health Care,0.06751912621,-0.00066086918,-0.00066086918
2020-01-01,sector,Industrials,0.12308730975,-0.00124807676,-0.00124807676
2020-01-01,sector,Information Technology,0.16317343286,-0.00104749161,-0.00104749161
2020-01-01,sector,Materials,0.016579296480000002,-0.0016012037300000002,-0.0016012037300000002
2020-01-01,sector,Not Classified,0.06630004551,-0.00093759048,-0.00093759048
2020-01-01,sector,Real Estate,0.03295317963,-0.00131589741,-0.00131589741
2020-01-01,sector,Utilities,0.02780841204,-0.00120177385,-0.00120177385
2020-01-02,portfolio,LPPI  GF BARON BNYMILTD BRZEX589145,1.0,0.041916333740000006,0.041916333740000006
2020-01-02,portfolio,LPPI GEF BARON BNYMILTD,1.0,0.01889184741,0.01889184741
2020-01-02,portfolio,LPPI GEF CASH ONLY BNYMILTD,1.0,8.000000000000001e-11,8.000000000000001e-11
2020-01-02,portfolio,LPPI GEF FIRST EAGLE BNYMILTD,1.0,0.007243512560000001,0.007243512560000001
2020-01-02,portfolio,LPPI GEF INTERNAL EQUITY BNYMILTD,1.0,0.00977998563,0.00977998563
2020-01-02,portfolio,LPPI GEF INTRNL INCUBATOR BNYMILTD,1.0,0.01260013856,0.01260013856
2020-01-02,portfolio,LPPI GEF MAGELLAN BNYMILTD,1.0,0.01480417425,0.01480417425
2020-01-02,portfolio,LPPI GEF ROBECO BNYMILTD,1.0,0.00612307222,0.00612307222
2020-01-02,portfolio,LPPI GEF WELLINGTON BNYMILTD,1.0,0.00984594491,0.00984594491
2020-01-02,portfolio,LPPI GF FT EGL BNYMILTD BRZEX650557,1.0,0.027572200699999997,0.027572200699999997
2020-01-02,portfolio,LPPI GLOBAL EQUITIES POOL [Aggregated Group],1.0,0.010167129189999999,0.010167129189999999
2020-01-02,region,Africa / Middle East,0.00335280902,0.010354505169999998,0.010354505169999998
2020-01-02,region,Asia Pacific,0.099953317,0.01544727631,0.01544727631
2020-01-02,region,Central Asia,0.00833305093,0.01138271639,0.01138271639
2020-01-02,region,Eastern Europe,0.0018453740599999999,0.01773792622,0.01773792622
2020-01-02,region,North America,0.5696107541300001,0.0106988225,0.0106988225
2020-01-02,region,South & Central America,0.007333926330000001,0.0344829506,0.0344829506
2020-01-02,region,Western Europe,0.30957076849,0.0068621317,0.0068621317
2020-01-02,sector,Communication Services,0.06122340638,0.01954438049,0.01954438049
2020-01-02,sector,Consumer Discretionary,0.12376779134999999,0.01428229813,0.01428229813
2020-01-02,sector,Consumer Staples,0.16968255537000002,0.004176190880000001,0.004176190880000001
2020-01-02,sector,Energy,0.010621462699999999,0.00975580058,0.00975580058
2020-01-02,sector,Financials,0.13741574986,0.011158128270000001,0.011158128270000001
2020-01-02,sector,Health Care,0.06737245242,0.00798493391,0.00798493391
2020-01-02,sector,Industrials,0.1237095248,0.01497986573,0.01497986573
2020-01-02,sector,Information Technology,0.16396043651,0.01467623021,0.01467623021
2020-01-02,sector,Materials,0.01643579213,-0.00029068709,-0.00029068709
2020-01-02,sector,Not Classified,0.06588460197,0.0054375334,0.0054375334
2020-01-02,sector,Real Estate,0.03256216872,-0.00243166175,-0.00243166175
2020-01-02,sector,Utilities,0.02736405773,-0.00650044917,-0.00650044917
2020-01-03,portfolio,LPPI  GF BARON BNYMILTD BRZEX589145,1.0,0.032111332039999996,0.032111332039999996
2020-01-03,portfolio,LPPI GEF BARON BNYMILTD,0.99999999999,0.01949344611,0.01949344611
2020-01-03,portfolio,LPPI GEF CASH ONLY BNYMILTD,1.0,2.7e-10,2.7e-10
2020-01-03,portfolio,LPPI GEF FIRST EAGLE BNYMILTD,1.0,0.014247929020000001,0.014247929020000001
2020-01-03,portfolio,LPPI GEF INTERNAL EQUITY BNYMILTD,1.0,0.01521392094,0.01521392094
2020-01-03,portfolio,LPPI GEF INTRNL INCUBATOR BNYMILTD,1.0,0.01553687965,0.01553687965
2020-01-03,portfolio,LPPI GEF MAGELLAN BNYMILTD,1.0,0.019425888369999998,0.019425888369999998
2020-01-03,portfolio,LPPI GEF ROBECO BNYMILTD,1.0,0.01443333891,0.01443333891
2020-01-03,portfolio,LPPI GEF WELLINGTON BNYMILTD,1.0,0.01686534815,0.01686534815
2020-01-03,portfolio,LPPI GF FT EGL BNYMILTD BRZEX650557,1.0,0.02008799642,0.02008799642
2020-01-03,portfolio,LPPI GLOBAL EQUITIES POOL [Aggregated Group],1.0,0.01599781554,0.01599781554
2020-01-03,region,Africa / Middle East,0.00333079234,0.00953794914,0.00953794914
2020-01-03,region,Asia Pacific,0.10008906685999999,0.020827839209999997,0.020827839209999997
2020-01-03,region,Central Asia,0.00832740089,0.012276505230000002,0.012276505230000002
2020-01-03,region,Eastern Europe,0.0018302153400000002,0.01522864815,0.01522864815
2020-01-03,region,North America,0.56922703585,0.01591997567,0.01591997567
2020-01-03,region,South & Central America,0.007224282520000001,0.024923949580000004,0.024923949580000004
2020-01-03,region,Western Europe,0.30997120616,0.01456229084,0.01456229084
2020-01-03,sector,Communication Services,0.06117509291,0.02495644322,0.02495644322
2020-01-03,sector,Consumer Discretionary,0.1235334181,0.01835940385,0.01835940385
2020-01-03,sector,Consumer Staples,0.17066817404999998,0.015804481909999998,0.015804481909999998
2020-01-03,sector,Energy,0.010688924470000001,0.02205946033,0.02205946033
2020-01-03,sector,Financials,0.13702750773,0.01379978891,0.01379978891
2020-01-03,sector,Health Care,0.06720140106,0.01125373268,0.01125373268
2020-01-03,sector,Industrials,0.12352558532999999,0.01870797263,0.01870797263
2020-01-03,sector,Information Technology,0.1635898657,0.01712971349,0.01712971349
2020-01-03,sector,Materials,0.01640551441,0.003651819,0.003651819
2020-01-03,sector,Not Classified,0.06596984091000001,0.01622443433,0.01622443433
2020-01-03,sector,Real Estate,0.03280021515,0.0112275762,0.0112275762
2020-01-03,sector,Utilities,0.02741446013,0.0010989375499999999,0.0010989375499999999
2020-01-06,portfolio,LPPI  GF BARON BNYMILTD BRZEX589145,1.0,-0.0007542971699999999,-0.0007542971699999999
2020-01-06,portfolio,LPPI GEF BARON BNYMILTD,1.0,0.00515667357,0.00515667357
2020-01-06,portfolio,LPPI GEF CASH ONLY BNYMILTD,1.0,1.5e-10,1.5e-10
2020-01-06,portfolio,LPPI GEF FIRST EAGLE BNYMILTD,1.0,0.00759722471,0.00759722471
2020-01-06,portfolio,LPPI GEF INTERNAL EQUITY BNYMILTD,1.0,0.00861047767,0.00861047767
2020-01-06,portfolio,LPPI GEF INTRNL INCUBATOR BNYMILTD,1.0,0.011891917750000001,0.011891917750000001
2020-01-06,portfolio,LPPI GEF MAGELLAN BNYMILTD,1.0,0.01573655064,0.01573655064
2020-01-06,portfolio,LPPI GEF ROBECO BNYMILTD,1.0,0.007580733240000001,0.007580733240000001
2020-01-06,portfolio,LPPI GEF WELLINGTON BNYMILTD,1.0,0.01072694106,0.01072694106
2020-01-06,portfolio,LPPI GF FT EGL BNYMILTD BRZEX650557,1.0,-0.0131340605,-0.0131340605
2020-01-06,portfolio,LPPI GLOBAL EQUITIES POOL [Aggregated Group],1.0,0.00939322319,0.00939322319
2020-01-06,region,Africa / Middle East,0.0033059356899999997,-0.0045301525,-0.0045301525
2020-01-06,region,Asia Pacific,0.09951055555,0.00851393844,0.00851393844
2020-01-06,region,Central Asia,0.00822901757,-0.01319691931,-0.01319691931
2020-01-06,region,Eastern Europe,0.0018377334600000001,0.01275130744,0.01275130744
2020-01-06,region,North America,0.57027899735,0.0113458048,0.0113458048
2020-01-06,region,South & Central America,0.007096583629999999,0.00090824994,0.00090824994
2020-01-06,region,Western Europe,0.30974117672,0.007032218890000001,0.007032218890000001
2020-01-06,sector,Communication Services,0.06184412575,0.02979304308,0.02979304308
2020-01-06,sector,Consumer Discretionary,0.12291457949,0.00674150771,0.00674150771
2020-01-06,sector,Consumer Staples,0.17121655958,0.01244492465,0.01244492465
2020-01-06,sector,Energy,0.01075785739,0.02274611814,0.02274611814
2020-01-06,sector,Financials,0.13657187471,0.0037818781000000003,0.0037818781000000003
2020-01-06,sector,Health Care,0.06720304634,0.00468377287,0.00468377287
2020-01-06,sector,Industrials,0.12339696733,0.01123333352,0.01123333352
2020-01-06,sector,Information Technology,0.16343594449,0.00954606509,0.00954606509
2020-01-06,sector,Materials,0.01633625063,-0.00724115308,-0.00724115308
2020-01-06,sector,Not Classified,0.06620342414,0.01231638835,0.01231638835
2020-01-06,sector,Real Estate,0.03271951497,0.00256634393,0.00256634393
2020-01-06,sector,Utilities,0.02739985514,-0.0059592533999999996,-0.0059592533999999996
2020-01-07,portfolio,LPPI  GF BARON BNYMILTD BRZEX589145,1.0,0.0029631108699999997,0.0029631108699999997
2020-01-07,portfolio,LPPI GEF BARON BNYMILTD,1.0,0.01320922796,0.01320922796
2020-01-07,portfolio,LPPI GEF CASH ONLY BNYMILTD,1.0,2.1e-10,2.1e-10
2020-01-07,portfolio,LPPI GEF FIRST EAGLE BNYMILTD,1.0,0.01242574077,0.01242574077
2020-01-07,portfolio,LPPI GEF INTERNAL EQUITY BNYMILTD,1.0,0.00792172373,0.00792172373
2020-01-07,portfolio,LPPI GEF INTRNL INCUBATOR BNYMILTD,1.0,0.01443937038,0.01443937038
2020-01-07,portfolio,LPPI GEF MAGELLAN BNYMILTD,1.0,0.01626105195,0.01626105195
2020-01-07,portfolio,LPPI GEF ROBECO BNYMILTD,0.99999999999,0.00861778635,0.00861778635
2020-01-07,portfolio,LPPI GEF WELLINGTON BNYMILTD,1.0,0.01331577109,0.01331577109
2020-01-07,portfolio,LPPI GF FT EGL BNYMILTD BRZEX650557,1.0,-0.04731413101,-0.04731413101
2020-01-07,portfolio,LPPI GLOBAL EQUITIES POOL [Aggregated Group],1.0,0.01069028266,0.01069028266
2020-01-07,region,Africa / Middle East,0.00328370286,-0.01007105755,-0.01007105755
2020-01-07,region,Asia Pacific,0.10043442066000001,0.02040443593,0.02040443593
2020-01-07,region,Central Asia,0.00834209108,0.00072573216,0.00072573216
2020-01-07,region,Eastern Europe,0.0018454810199999999,0.018207601179999998,0.018207601179999998
2020-01-07,region,North America,0.56923851685,0.01052885815,0.01052885815
2020-01-07,region,South & Central America,0.00711553128,0.00524558153,0.00524558153
2020-01-07,region,Western Europe,0.30974025621,0.00844342137,0.00844342137
2020-01-07,sector,Communication Services,0.06203098037,0.036309751769999996,0.036309751769999996
2020-01-07,sector,Consumer Discretionary,0.12281311370999999,0.01068737715,0.01068737715
2020-01-07,sector,Consumer Staples,0.17050271847,0.00934284622,0.00934284622
2020-01-07,sector,Energy,0.0106884774,0.01733588163,0.01733588163
2020-01-07,sector,Financials,0.13669148050000002,0.0056581628500000005,0.0056581628500000005
2020-01-07,sector,Health Care,0.06756522387000001,0.0088864571,0.0088864571
2020-01-07,sector,Industrials,0.12356943225,0.013498333920000001,0.013498333920000001
2020-01-07,sector,Information Technology,0.16339717535999998,0.00907591035,0.00907591035
2020-01-07,sector,Materials,0.01636640499,-0.00424812269,-0.00424812269
2020-01-07,sector,Not Classified,0.06650653345,0.01611513747,0.01611513747
2020-01-07,sector,Real Estate,0.03250500028,0.0014475930900000001,0.0014475930900000001
2020-01-07,sector,Utilities,0.0273634593,-0.00612130192,-0.00612130192
2020-01-08,portfolio,LPPI  GF BARON BNYMILTD BRZEX589145,1.0,0.0108842486,0.0108842486
2020-01-08,portfolio,LPPI GEF BARON BNYMILTD,1.0,0.013884436330000001,0.013884436330000001
2020-01-08,portfolio,LPPI GEF CASH ONLY BNYMILTD,1.0,2.4e-10,2.4e-10
2020-01-08,portfolio,LPPI GEF FIRST EAGLE BNYMILTD,1.0,0.01092148855,0.01092148855
2020-01-08,portfolio,LPPI GEF INTERNAL EQUITY BNYMILTD,1.0,0.014551175119999999,0.014551175119999999
2020-01-08,portfolio,LPPI GEF INTRNL INCUBATOR BNYMILTD,1.0,0.01959339405,0.01959339405
2020-01-08,portfolio,LPPI GEF MAGELLAN BNYMILTD,1.0,0.02290072804,0.02290072804
2020-01-08,portfolio,LPPI GEF ROBECO BNYMILTD,1.0,0.010797105360000002,0.010797105360000002
2020-01-08,portfolio,LPPI GEF WELLINGTON BNYMILTD,1.0,0.01643140206,0.01643140206
2020-01-08,portfolio,LPPI GF FT EGL BNYMILTD BRZEX650557,1.0,-0.06362154111,-0.06362154111
2020-01-08,portfolio,LPPI GLOBAL EQUITIES POOL [Aggregated Group],1.0,0.01483291491,0.01483291491
2020-01-08,region,Africa / Middle East,0.00328757774,-0.00471616244,-0.00471616244
2020-01-08,region,Asia Pacific,0.09962370757,0.014760565619999999,0.014760565619999999
2020-01-08,region,Central Asia,0.00829696152,-0.0005270052599999999,-0.0005270052599999999
2020-01-08,region,Eastern Europe,0.0018619640200000002,0.03164145717,0.03164145717
2020-01-08,region,North America,0.57104420655,0.01821628301,0.01821628301
2020-01-08,region,South & Central America,0.0071092411,0.00956077821,0.00956077821
2020-01-08,region,Western Europe,0.30877634146,0.00929552621,0.00929552621
2020-01-08,sector,Communication Services,0.06204853624,0.04207039633,0.04207039633
2020-01-08,sector,Consumer Discretionary,0.12283014231999999,0.01438588577,0.01438588577
2020-01-08,sector,Consumer Staples,0.17051410874999998,0.01344610162,0.01344610162
2020-01-08,sector,Energy,0.01044710306,-0.00143774276,-0.00143774276
2020-01-08,sector,Financials,0.13685295435,0.009531902799999999,0.009531902799999999
2020-01-08,sector,Health Care,0.06743789136,0.011238983469999998,0.011238983469999998
2020-01-08,sector,Industrials,0.12372667745999999,0.017864581100000002,0.017864581100000002
2020-01-08,sector,Information Technology,0.16405973304,0.019092976509999998,0.019092976509999998
2020-01-08,sector,Materials,0.01622750594,-0.0085282012,-0.0085282012
2020-01-08,sector,Not Classified,0.0661913177,0.01600739085,0.01600739085
2020-01-08,sector,Real Estate,0.03241052257,0.00275499808,0.00275499808
2020-01-08,sector,Utilities,0.02725350715,-0.005933292420000001,-0.005933292420000001
2020-01-09,portfolio,LPPI  GF BARON BNYMILTD BRZEX589145,1.0,0.019818483,0.019818483
2020-01-09,portfolio,LPPI GEF BARON BNYMILTD,1.0,0.034950975610000004,0.034950975610000004
2020-01-09,portfolio,LPPI GEF CASH ONLY BNYMILTD,1.0,3e-10,3e-10
2020-01-09,portfolio,LPPI GEF FIRST EAGLE BNYMILTD,1.0,0.01591033491,0.01591033491
2020-01-09,portfolio,LPPI GEF INTERNAL EQUITY BNYMILTD,1.0,0.024949230660000002,0.024949230660000002
2020-01-09,portfolio,LPPI GEF INTRNL INCUBATOR BNYMILTD,1.0,0.03352529785,0.03352529785
2020-01-09,portfolio,LPPI GEF MAGELLAN BNYMILTD,1.0,0.036147565369999995,0.036147565369999995
2020-01-09,portfolio,LPPI GEF ROBECO BNYMILTD,1.0,0.01762389072,0.01762389072
2020-01-09,portfolio,LPPI GEF WELLINGTON BNYMILTD,1.0,0.027023415449999998,0.027023415449999998
2020-01-09,portfolio,LPPI GF FT EGL BNYMILTD BRZEX650557,1.0,-0.11881244455,-0.11881244455
2020-01-09,portfolio,LPPI GLOBAL EQUITIES POOL [Aggregated Group],1.0,0.02482605982,0.02482605982
2020-01-09,region,Africa / Middle East,0.0032912304399999996,0.00846540165,0.00846540165
2020-01-09,region,Asia Pacific,0.09999680957000001,0.03181489288,0.03181489288
2020-01-09,region,Central Asia,0.00832854866,0.014372187370000001,0.014372187370000001
2020-01-09,region,Eastern Europe,0.00185191637,0.03586139989,0.03586139989
2020-01-09,region,North America,0.57176944427,0.02948274154,0.02948274154
2020-01-09,region,South & Central America,0.00713182597,0.01904572127,0.01904572127
2020-01-09,region,Western Europe,0.30763022469,0.01456663699,0.01456663699
2020-01-09,sector,Communication Services,0.06224932197,0.05692307091,0.05692307091
2020-01-09,sector,Consumer Discretionary,0.12287240584999999,0.02460322676,0.02460322676
2020-01-09,sector,Consumer Staples,0.16971725952,0.01840782234,0.01840782234
2020-01-09,sector,Energy,0.01014788509,0.01023140171,0.01023140171
2020-01-09,sector,Financials,0.1371370592,0.021591209309999998,0.021591209309999998
2020-01-09,sector,Health Care,0.06751084413,0.02087451621,0.02087451621
2020-01-09,sector,Industrials,0.12370763585000001,0.027752754400000003,0.027752754400000003
2020-01-09,sector,Information Technology,0.1651387954,0.03556841373,0.03556841373
2020-01-09,sector,Materials,0.0160668062,-0.00898341439,-0.00898341439
2020-01-09,sector,Not Classified,0.06587313061,0.01848368492,0.01848368492
2020-01-09,sector,Real Estate,0.03233626993,0.01000029823,0.01000029823
2020-01-09,sector,Utilities,0.02724258619,0.00314622526,0.00314622526
2020-01-10,portfolio,LPPI  GF BARON BNYMILTD BRZEX589145,1.0,0.01946970849,0.01946970849
2020-01-10,portfolio,LPPI GEF BARON BNYMILTD,1.0,0.0383937301,0.0383937301
2020-01-10,portfolio,LPPI GEF CASH ONLY BNYMILTD,1.0,2.8e-10,2.8e-10
2020-01-10,portfolio,LPPI GEF FIRST EAGLE BNYMILTD,1.0,0.014143048469999999,0.014143048469999999
2020-01-10,portfolio,LPPI GEF INTERNAL EQUITY BNYMILTD,1.0,0.02336922043,0.02336922043
2020-01-10,portfolio,LPPI GEF INTRNL INCUBATOR BNYMILTD,1.0,0.030600748539999997,0.030600748539999997
2020-01-10,portfolio,LPPI GEF MAGELLAN BNYMILTD,1.0,0.03637345203,0.03637345203
2020-01-10,portfolio,LPPI GEF ROBECO BNYMILTD,1.0,0.01734704942,0.01734704942
2020-01-10,portfolio,LPPI GEF WELLINGTON BNYMILTD,1.0,0.024401305459999998,0.024401305459999998
2020-01-10,portfolio,LPPI GF FT EGL BNYMILTD BRZEX650557,1.0,-0.11241880715000001,-0.11241880715000001
2020-01-10,portfolio,LPPI GLOBAL EQUITIES POOL [Aggregated Group],0.99999999999,0.02381941539,0.02381941539
2020-01-10,region,Africa / Middle East,0.00325952426,0.008787086960000001,0.008787086960000001
2020-01-10,region,Asia Pacific,0.10047835212,0.03702238801,0.03702238801
2020-01-10,region,Central Asia,0.00834008572,0.02063047987,0.02063047987
2020-01-10,region,Eastern Europe,0.00185226849,0.03459159344,0.03459159344
2020-01-10,region,North America,0.57180780422,0.027981738370000002,0.027981738370000002
2020-01-10,region,South & Central America,0.00713372162,0.019315641459999998,0.019315641459999998
2020-01-10,region,Western Europe,0.30712824353,0.01224042491,0.01224042491
2020-01-10,sector,Communication Services,0.06240250908,0.0592745046,0.0592745046
2020-01-10,sector,Consumer Discretionary,0.12235782800999999,0.020187401440000002,0.020187401440000002
2020-01-10,sector,Consumer Staples,0.17003327142,0.01930185865,0.01930185865
2020-01-10,sector,Energy,0.01031594265,0.00678212554,0.00678212554
2020-01-10,sector,Financials,0.13666925397,0.01686288097,0.01686288097
2020-01-10,sector,Health Care,0.06772150661000001,0.022610300200000003,0.022610300200000003
2020-01-10,sector,Industrials,0.1234124965,0.024050491979999998,0.024050491979999998
2020-01-10,sector,Information Technology,0.16524859047999998,0.034760432040000004,0.034760432040000004
2020-01-10,sector,Materials,0.01605155145,-0.00849209218,-0.00849209218
2020-01-10,sector,Not Classified,0.06575807465,0.018812338589999998,0.018812338589999998
2020-01-10,sector,Real Estate,0.03263504428,0.01788921707,0.01788921707
2020-01-10,sector,Utilities,0.027393930860000002,0.00708921018,0.00708921018
2020-01-13,portfolio,LPPI  GF BARON BNYMILTD BRZEX589145,1.0,0.02261564978,0.02261564978
2020-01-13,portfolio,LPPI GEF BARON BNYMILTD,1.0,0.058893479160000005,0.058893479160000005
2020-01-13,portfolio,LPPI GEF CASH ONLY BNYMILTD,1.0,3.8000000000000003e-10,3.8000000000000003e-10
2020-01-13,portfolio,LPPI GEF FIRST EAGLE BNYMILTD,1.0,0.02036917328,0.02036917328
2020-01-13,portfolio,LPPI GEF INTERNAL EQUITY BNYMILTD,1.0,0.0333717083,0.0333717083
2020-01-13,portfolio,LPPI GEF INTRNL INCUBATOR BNYMILTD,1.0,0.047110690069999996,0.047110690069999996
2020-01-13,portfolio,LPPI GEF MAGELLAN BNYMILTD,1.0,0.05148259773,0.05148259773
2020-01-13,portfolio,LPPI GEF ROBECO BNYMILTD,1.0,0.02768755285,0.02768755285
2020-01-13,portfolio,LPPI GEF WELLINGTON BNYMILTD,1.0,0.0354240692,0.0354240692
2020-01-13,portfolio,LPPI GF FT EGL BNYMILTD BRZEX650557,1.0,-0.11821435467000001,-0.11821435467000001
2020-01-13,portfolio,LPPI GLOBAL EQUITIES POOL [Aggregated Group],0.99999999999,0.03464253122,0.03464253122
2020-01-13,region,Africa / Middle East,0.0031980087099999998,0.00491256338,0.00491256338
2020-01-13,region,Asia Pacific,0.10086480745,0.05259335944,0.05259335944
2020-01-13,region,Central Asia,0.008383737300000001,0.03688325623,0.03688325623
2020-01-13,region,Eastern Europe,0.00186769138,0.05430023383,0.05430023383
2020-01-13,region,North America,0.57272883254,0.04081571899,0.04081571899
2020-01-13,region,South & Central America,0.00704489059,0.02571925707,0.02571925707
2020-01-13,region,Western Europe,0.30591203199,0.01792050491,0.01792050491
2020-01-13,sector,Communication Services,0.06268675609,0.07541587886000001,0.07541587886000001
2020-01-13,sector,Consumer Discretionary,0.12251611164,0.03296068519,0.03296068519
2020-01-13,sector,Consumer Staples,0.16946131072,0.026796475769999998,0.026796475769999998
2020-01-13,sector,Energy,0.01024381504,0.00622808916,0.00622808916
2020-01-13,sector,Financials,0.13641349776,0.02655126081,0.02655126081
2020-01-13,sector,Health Care,0.06722504635,0.02590900656,0.02590900656
2020-01-13,sector,Industrials,0.12341339256,0.03479973396,0.03479973396
2020-01-13,sector,Information Technology,0.16624242611,0.05170135957,0.05170135957
2020-01-13,sector,Materials,0.01589273313,0.0018688323,0.0018688323
2020-01-13,sector,Not Classified,0.06566015676,0.023321839249999997,0.023321839249999997
2020-01-13,sector,Real Estate,0.03279197528,0.03388520198,0.03388520198
2020-01-13,sector,Utilities,0.027452778480000002,0.01998567914,0.01998567914
2020-01-14,portfolio,LPPI  GF BARON BNYMILTD BRZEX589145,1.0,0.02897672065,0.02897672065
2020-01-14,portfolio,LPPI GEF BARON BNYMILTD,1.0,0.055257060520000005,0.055257060520000005
2020-01-14,portfolio,LPPI GEF CASH ONLY BNYMILTD,1.0,3.4e-10,3.4e-10
2020-01-14,portfolio,LPPI GEF FIRST EAGLE BNYMILTD,1.0,0.01918413428,0.01918413428
2020-01-14,portfolio,LPPI GEF INTERNAL EQUITY BNYMILTD,1.0,0.03105798951,0.03105798951
2020-01-14,portfolio,LPPI GEF INTRNL INCUBATOR BNYMILTD,1.0,0.0455719754,0.0455719754
2020-01-14,portfolio,LPPI GEF MAGELLAN BNYMILTD,1.0,0.04639741031,0.04639741031
2020-01-14,portfolio,LPPI GEF ROBECO BNYMILTD,1.0,0.02743915358,0.02743915358
2020-01-14,portfolio,LPPI GEF WELLINGTON BNYMILTD,1.0,0.031542661070000005,0.031542661070000005
2020-01-14,portfolio,LPPI GF FT EGL BNYMILTD BRZEX650557,1.0,-0.11357591231000001,-0.11357591231000001
2020-01-14,portfolio,LPPI GLOBAL EQUITIES POOL [Aggregated Group],1.0,0.03219502501,0.03219502501
2020-01-14,region,Africa / Middle East,0.0031542499200000003,0.00780358637,0.00780358637
2020-01-14,region,Asia Pacific,0.10070453903000001,0.04928941978,0.04928941978
2020-01-14,region,Central Asia,0.00854648086,0.04229480873,0.04229480873
2020-01-14,region,Eastern Europe,0.00184063725,0.0368416668,0.0368416668
2020-01-14,region,North America,0.57162462794,0.03663662803,0.03663662803
2020-01-14,region,South & Central America,0.00702859428,0.022736308950000002,0.022736308950000002
2020-01-14,region,Western Europe,0.30710087068,0.018749476259999998,0.018749476259999998
2020-01-14,sector,Communication Services,0.0622090725,0.06610586417,0.06610586417
2020-01-14,sector,Consumer Discretionary,0.12284779112000001,0.03360854119,0.03360854119
2020-01-14,sector,Consumer Staples,0.1695917542,0.02512927751,0.02512927751
2020-01-14,sector,Energy,0.01024437957,0.0019594325100000002,0.0019594325100000002
2020-01-14,sector,Financials,0.13597371051999999,0.021310798210000002,0.021310798210000002
2020-01-14,sector,Health Care,0.06753139446999999,0.02841522159,0.02841522159
2020-01-14,sector,Industrials,0.12364341402000001,0.034711278820000004,0.034711278820000004
2020-01-14,sector,Information Technology,0.16583334959999999,0.04690281008,0.04690281008
2020-01-14,sector,Materials,0.01579250802,-0.00389342183,-0.00389342183
2020-01-14,sector,Not Classified,0.0659884957,0.02087919285,0.02087919285
2020-01-14,sector,Real Estate,0.03279090055,0.03169794243,0.03169794243
2020-01-14,sector,Utilities,0.027553229680000003,0.02138342278,0.02138342278
2020-01-15,portfolio,LPPI  GF BARON BNYMILTD BRZEX589145,1.0,0.00630940781,0.00630940781
2020-01-15,portfolio,LPPI GEF BARON BNYMILTD,1.0,0.05222670651,0.05222670651
2020-01-15,portfolio,LPPI GEF CASH ONLY BNYMILTD,1.0,3.3e-10,3.3e-10
2020-01-15,portfolio,LPPI GEF FIRST EAGLE BNYMILTD,1.0,0.01844868365,0.01844868365
2020-01-15,portfolio,LPPI GEF INTERNAL EQUITY BNYMILTD,1.0,0.0382766213,0.0382766213
2020-01-15,portfolio,LPPI GEF INTRNL INCUBATOR BNYMILTD,1.0,0.047355223630000005,0.047355223630000005
2020-01-15,portfolio,LPPI GEF MAGELLAN BNYMILTD,1.0,0.052595415230000005,0.052595415230000005
2020-01-15,portfolio,LPPI GEF ROBECO BNYMILTD,1.0,0.02931835215,0.02931835215
2020-01-15,portfolio,LPPI GEF WELLINGTON BNYMILTD,1.0,0.03431698953,0.03431698953
2020-01-15,portfolio,LPPI GF FT EGL BNYMILTD BRZEX650557,1.0,-0.14699335064,-0.14699335064
2020-01-15,portfolio,LPPI GLOBAL EQUITIES POOL [Aggregated Group],0.99999999999,0.03626299175,0.03626299175
2020-01-15,region,Africa / Middle East,0.00311262453,0.0013696476099999998,0.0013696476099999998
2020-01-15,region,Asia Pacific,0.09991531928000001,0.045159574339999994,0.045159574339999994
2020-01-15,region,Central Asia,0.0086198539,0.04458852985,0.04458852985
2020-01-15,region,Eastern Europe,0.00183035167,0.03529561997,0.03529561997
2020-01-15,region,North America,0.57164093873,0.04103655338,0.04103655338
2020-01-15,region,South & Central America,0.00685817126,0.007215542940000001,0.007215542940000001
2020-01-15,region,Western Europe,0.30802274059,0.02545695577,0.02545695577
2020-01-15,sector,Communication Services,0.06202326557,0.06839459701,0.06839459701
2020-01-15,sector,Consumer Discretionary,0.12250080943000001,0.03496309626,0.03496309626
2020-01-15,sector,Consumer Staples,0.17019440395,0.03267637346,0.03267637346
2020-01-15,sector,Energy,0.010008503660000001,-0.01707759947,-0.01707759947
2020-01-15,sector,Financials,0.13584637024,0.02429045596,0.02429045596
2020-01-15,sector,Health Care,0.06757174089000001,0.03279732746,0.03279732746
2020-01-15,sector,Industrials,0.12347615246,0.03778243921,0.03778243921
2020-01-15,sector,Information Technology,0.16573235282999998,0.05167594288,0.05167594288
2020-01-15,sector,Materials,0.0158401229,0.0035660553900000004,0.0035660553900000004
2020-01-15,sector,Not Classified,0.06606204556,0.02112248227,0.02112248227
2020-01-15,sector,Real Estate,0.03287950499,0.03877123355,0.03877123355
2020-01-15,sector,Utilities,0.02786472747,0.0371861181,0.0371861181
2020-01-16,portfolio,LPPI  GF BARON BNYMILTD BRZEX589145,1.0,-0.01014566793,-0.01014566793
2020-01-16,portfolio,LPPI GEF BARON BNYMILTD,1.0,0.05395587411,0.05395587411
2020-01-16,portfolio,LPPI GEF CASH ONLY BNYMILTD,1.0,2.8e-10,2.8e-10
2020-01-16,portfolio,LPPI GEF FIRST EAGLE BNYMILTD,1.0,0.01687171984,0.01687171984
2020-01-16,portfolio,LPPI GEF INTERNAL EQUITY BNYMILTD,1.0,0.03935230262,0.03935230262
2020-01-16,portfolio,LPPI GEF INTRNL INCUBATOR BNYMILTD,1.0,0.04879490691,0.04879490691
2020-01-16,portfolio,LPPI GEF MAGELLAN BNYMILTD,1.0,0.0547737534,0.0547737534
2020-01-16,portfolio,LPPI GEF ROBECO BNYMILTD,1.0,0.03370730317,0.03370730317
2020-01-16,portfolio,LPPI GEF WELLINGTON BNYMILTD,1.0,0.037012952530000004,0.037012952530000004
2020-01-16,portfolio,LPPI GF FT EGL BNYMILTD BRZEX650557,1.0,-0.14786080975000002,-0.14786080975000002
2020-01-16,portfolio,LPPI GLOBAL EQUITIES POOL [Aggregated Group],1.0,0.03774073166,0.03774073166
2020-01-16,region,Africa / Middle East,0.00302908195,-0.00512676112,-0.00512676112
2020-01-16,region,Asia Pacific,0.09968024449,0.044715381729999996,0.044715381729999996
2020-01-16,region,Central Asia,0.00870187215,0.044126142269999995,0.044126142269999995
2020-01-16,region,Eastern Europe,0.00181859865,0.03015199802,0.03015199802
2020-01-16,region,North America,0.57314859877,0.045448566169999996,0.045448566169999996
2020-01-16,region,South & Central America,0.0067985057100000005,-0.0005471986,-0.0005471986
2020-01-16,region,Western Europe,0.30682309825,0.022566519289999996,0.022566519289999996
2020-01-16,sector,Communication Services,0.062002921950000005,0.07004758906,0.07004758906
2020-01-16,sector,Consumer Discretionary,0.1223643914,0.035469599500000004,0.035469599500000004
2020-01-16,sector,Consumer Staples,0.16961671132,0.03034314811,0.03034314811
2020-01-16,sector,Energy,0.01002774137,-0.013682810299999999,-0.013682810299999999
2020-01-16,sector,Financials,0.13610066101999999,0.02742165674,0.02742165674
2020-01-16,sector,Health Care,0.06768494597000001,0.03604040197,0.03604040197
2020-01-16,sector,Industrials,0.12339615891,0.03874855265,0.03874855265
2020-01-16,sector,Information Technology,0.16645838587,0.057959214120000005,0.057959214120000005
2020-01-16,sector,Materials,0.0157853679,0.00446619787,0.00446619787
2020-01-16,sector,Not Classified,0.0658068174,0.01755958055,0.01755958055
2020-01-16,sector,Real Estate,0.032894073850000004,0.04085529424,0.04085529424
2020-01-16,sector,Utilities,0.02786182299,0.03859453278,0.03859453278
