yyyymmdd,portfolio,mkt_val,weight
2019-10-01,LPPI  GF BARON BNYMILTD BRZEX589145,20498602.15929964,0.0029827255441105265
2019-10-01,LPPI GEF BARON BNYMILTD,239949702.96365026,0.03491477627447479
2019-10-01,LPPI GEF CASH ONLY BNYMILTD,0.0,0.0
2019-10-01,LPPI GEF FIRST EAGLE BNYMILTD,868034684.9375517,0.1263066236329955
2019-10-01,LPPI GEF INTERNAL EQUITY BNYMILTD,2928434097.292973,0.42611272311938136
2019-10-01,LPPI GEF INTRNL INCUBATOR BNYMILTD,11268973.365497563,0.0016397339902478087
2019-10-01,LPPI GEF MAGELLAN BNYMILTD,1042080841.3459147,0.15163185861922426
2019-10-01,LPPI GEF ROBECO BNYMILTD,1061249602.8573322,0.1544210807410424
2019-10-01,LPPI GEF WELLINGTON BNYMILTD,697955926.4018798,0.10155867966820138
2019-10-01,LPPI GF FT EGL BNYMILTD BRZEX650557,2967508.6411068123,0.0004317984103214782
2019-10-02,LPPI  GF BARON BNYMILTD BRZEX589145,20119695.298077114,0.0029473376533517043
2019-10-02,LPPI GEF BARON BNYMILTD,249197898.10736525,0.03650504330938521
2019-10-02,LPPI GEF CASH ONLY BNYMILTD,0.0,0.0
2019-10-02,LPPI GEF FIRST EAGLE BNYMILTD,874638743.7095605,0.12812598124494412
2019-10-02,LPPI GEF INTERNAL EQUITY BNYMILTD,2859147330.113377,0.4188369882186301
2019-10-02,LPPI GEF INTRNL INCUBATOR BNYMILTD,11108428.444616165,0.0016272756092637942
2019-10-02,LPPI GEF MAGELLAN BNYMILTD,1022996358.8452477,0.14985891401419246
2019-10-02,LPPI GEF ROBECO BNYMILTD,1064636807.2104591,0.155958830516455
2019-10-02,LPPI GEF WELLINGTON BNYMILTD,721695453.4345772,0.10572129212929736
2019-10-02,LPPI GF FT EGL BNYMILTD BRZEX650557,2855736.2908146195,0.0004183373044802163
2019-10-03,LPPI  GF BARON BNYMILTD BRZEX589145,20712619.305671476,0.0030206304368776355
2019-10-03,LPPI GEF BARON BNYMILTD,285809825.56662905,0.041681153190936786
2019-10-03,LPPI GEF CASH ONLY BNYMILTD,0.0,0.0
2019-10-03,LPPI GEF FIRST EAGLE BNYMILTD,851053989.9874351,0.12411368874424747
2019-10-03,LPPI GEF INTERNAL EQUITY BNYMILTD,2868565531.268524,0.41833802987704094
2019-10-03,LPPI GEF INTRNL INCUBATOR BNYMILTD,10796800.21981673,0.0015745542793776696
2019-10-03,LPPI GEF MAGELLAN BNYMILTD,1032223494.0945383,0.1505345923616909
2019-10-03,LPPI GEF ROBECO BNYMILTD,1061630510.5166148,0.15482317255289646
2019-10-03,LPPI GEF WELLINGTON BNYMILTD,723256612.4008236,0.10547632362908017
2019-10-03,LPPI GF FT EGL BNYMILTD BRZEX650557,3002393.911211796,0.0004378549278515999
2019-10-04,LPPI  GF BARON BNYMILTD BRZEX589145,21319632.913669065,0.0030510507092967707
2019-10-04,LPPI GEF BARON BNYMILTD,308206107.1586156,0.044107347704518136
2019-10-04,LPPI GEF CASH ONLY BNYMILTD,0.0,0.0
2019-10-04,LPPI GEF FIRST EAGLE BNYMILTD,879246320.1917673,0.12582886017459072
2019-10-04,LPPI GEF INTERNAL EQUITY BNYMILTD,2912614934.010248,0.41682405585054605
2019-10-04,LPPI GEF INTRNL INCUBATOR BNYMILTD,11260750.534085073,0.0016115249752825813
2019-10-04,LPPI GEF MAGELLAN BNYMILTD,1046121700.2449251,0.1497103804961211
2019-10-04,LPPI GEF ROBECO BNYMILTD,1075461412.6406431,0.15390918404391224
2019-10-04,LPPI GEF WELLINGTON BNYMILTD,730428673.0942411,0.10453158035877974
2019-10-04,LPPI GF FT EGL BNYMILTD BRZEX650557,2976842.7098321347,0.00042601568695280017
2019-10-07,LPPI  GF BARON BNYMILTD BRZEX589145,20666539.103643678,0.0030152130165732025
2019-10-07,LPPI GEF BARON BNYMILTD,232145571.17313707,0.03386964524784189
2019-10-07,LPPI GEF CASH ONLY BNYMILTD,0.0,0.0
2019-10-07,LPPI GEF FIRST EAGLE BNYMILTD,868602027.4254286,0.1267275631483586
2019-10-07,LPPI GEF INTERNAL EQUITY BNYMILTD,2917114744.143442,0.4256020954097804
2019-10-07,LPPI GEF INTRNL INCUBATOR BNYMILTD,11255125.4025085,0.0016421037139607005
2019-10-07,LPPI GEF MAGELLAN BNYMILTD,1046928210.1117156,0.15274505086291762
2019-10-07,LPPI GEF ROBECO BNYMILTD,1060179113.6610091,0.1546783352247942
2019-10-07,LPPI GEF WELLINGTON BNYMILTD,694273286.9580617,0.10129329547616077
2019-10-07,LPPI GF FT EGL BNYMILTD BRZEX650557,2924625.483941273,0.00042669789961235826
2019-10-08,LPPI  GF BARON BNYMILTD BRZEX589145,20684707.799136758,0.0029963359880033047
2019-10-08,LPPI GEF BARON BNYMILTD,269229082.5348465,0.03899986390186952
2019-10-08,LPPI GEF CASH ONLY BNYMILTD,0.0,0.0
2019-10-08,LPPI GEF FIRST EAGLE BNYMILTD,878582023.0986582,0.12726923482734065
2019-10-08,LPPI GEF INTERNAL EQUITY BNYMILTD,2880211608.903208,0.41722038235327374
2019-10-08,LPPI GEF INTRNL INCUBATOR BNYMILTD,11215464.18912215,0.001624644606941533
2019-10-08,LPPI GEF MAGELLAN BNYMILTD,1039285402.4558585,0.1505483318123037
2019-10-08,LPPI GEF ROBECO BNYMILTD,1073821721.566747,0.15555117820733183
2019-10-08,LPPI GEF WELLINGTON BNYMILTD,727408358.6388725,0.10537058894566684
2019-10-08,LPPI GF FT EGL BNYMILTD BRZEX650557,2895529.9336583805,0.00041943935726873095
2019-10-09,LPPI  GF BARON BNYMILTD BRZEX589145,20775292.898016147,0.002978876035145574
2019-10-09,LPPI GEF BARON BNYMILTD,308649337.80057216,0.04425584371546802
2019-10-09,LPPI GEF CASH ONLY BNYMILTD,0.0,0.0
2019-10-09,LPPI GEF FIRST EAGLE BNYMILTD,860232601.5728717,0.12334489309274943
2019-10-09,LPPI GEF INTERNAL EQUITY BNYMILTD,2908487638.926931,0.41703499289504137
2019-10-09,LPPI GEF INTRNL INCUBATOR BNYMILTD,11295095.266424455,0.0016195530320080817
2019-10-09,LPPI GEF MAGELLAN BNYMILTD,1052284659.4773055,0.15088237598650628
2019-10-09,LPPI GEF ROBECO BNYMILTD,1078316450.133545,0.1546149576506234
2019-10-09,LPPI GEF WELLINGTON BNYMILTD,731217274.6699785,0.10484596422738553
2019-10-09,LPPI GF FT EGL BNYMILTD BRZEX650557,2946904.15711295,0.00042254336507250385
2019-10-10,LPPI  GF BARON BNYMILTD BRZEX589145,20327884.648487933,0.0029451084661402155
2019-10-10,LPPI GEF BARON BNYMILTD,306837206.9977138,0.044454643052247104
2019-10-10,LPPI GEF CASH ONLY BNYMILTD,0.0,0.0
2019-10-10,LPPI GEF FIRST EAGLE BNYMILTD,868685038.1338931,0.1258552822616379
2019-10-10,LPPI GEF INTERNAL EQUITY BNYMILTD,2871798476.005829,0.4160668043422047
2019-10-10,LPPI GEF INTRNL INCUBATOR BNYMILTD,11086272.067973189,0.0016061815722547544
2019-10-10,LPPI GEF MAGELLAN BNYMILTD,1038314459.0545152,0.15043123063494523
2019-10-10,LPPI GEF ROBECO BNYMILTD,1061685971.3933779,0.15381730056036688
2019-10-10,LPPI GEF WELLINGTON BNYMILTD,720694863.673427,0.10441443274651108
2019-10-10,LPPI GF FT EGL BNYMILTD BRZEX650557,2823134.548726576,0.0004090163636936043
2019-10-11,LPPI  GF BARON BNYMILTD BRZEX589145,20450506.607675288,0.002987956903353018
2019-10-11,LPPI GEF BARON BNYMILTD,300847907.1682857,0.04395590771063897
2019-10-11,LPPI GEF CASH ONLY BNYMILTD,0.0,0.0
2019-10-11,LPPI GEF FIRST EAGLE BNYMILTD,859795095.643086,0.1256218606600016
2019-10-11,LPPI GEF INTERNAL EQUITY BNYMILTD,2847571504.395973,0.41604939660311346
2019-10-11,LPPI GEF INTRNL INCUBATOR BNYMILTD,11003579.863800967,0.0016076972099703791
2019-10-11,LPPI GEF MAGELLAN BNYMILTD,1032368591.7330928,0.1508360120191848
2019-10-11,LPPI GEF ROBECO BNYMILTD,1054281601.7538036,0.1540376505321424
2019-10-11,LPPI GEF WELLINGTON BNYMILTD,715111983.9811094,0.10448268251725823
2019-10-11,LPPI GF FT EGL BNYMILTD BRZEX650557,2880331.441762047,0.0004208358443368647
2019-10-14,LPPI  GF BARON BNYMILTD BRZEX589145,20511368.11700042,0.0031960945277881296
2019-10-14,LPPI GEF BARON BNYMILTD,318360306.24339485,0.0496071069879598
2019-10-14,LPPI GEF CASH ONLY BNYMILTD,0.0,0.0
2019-10-14,LPPI GEF FIRST EAGLE BNYMILTD,680670136.9404566,0.10606245704795694
2019-10-14,LPPI GEF INTERNAL EQUITY BNYMILTD,2854637352.9350615,0.4448114221582987
2019-10-14,LPPI GEF INTRNL INCUBATOR BNYMILTD,10518328.545674488,0.0016389726962408072
2019-10-14,LPPI GEF MAGELLAN BNYMILTD,1031751959.105904,0.16076825162139888
2019-10-14,LPPI GEF ROBECO BNYMILTD,919536805.3960599,0.14328281444036184
2019-10-14,LPPI GEF WELLINGTON BNYMILTD,578759988.2934256,0.09018275236132078
2019-10-14,LPPI GF FT EGL BNYMILTD BRZEX650557,2888758.227312911,0.0004501281586753526
2019-10-15,LPPI  GF BARON BNYMILTD BRZEX589145,19740327.973506466,0.0028946738352826477
2019-10-15,LPPI GEF BARON BNYMILTD,318573591.06686425,0.046714859039369935
2019-10-15,LPPI GEF CASH ONLY BNYMILTD,0.0,0.0
2019-10-15,LPPI GEF FIRST EAGLE BNYMILTD,855076262.8906733,0.12538631013034965
2019-10-15,LPPI GEF INTERNAL EQUITY BNYMILTD,2833134794.868247,0.41544401762425454
2019-10-15,LPPI GEF INTRNL INCUBATOR BNYMILTD,11020968.503645187,0.00161608810197033
2019-10-15,LPPI GEF MAGELLAN BNYMILTD,1023544253.8152077,0.1500900478831557
2019-10-15,LPPI GEF ROBECO BNYMILTD,1044078022.9447844,0.15310107000593362
2019-10-15,LPPI GEF WELLINGTON BNYMILTD,711626149.9994296,0.10435113335862017
2019-10-15,LPPI GF FT EGL BNYMILTD BRZEX650557,2740089.090126668,0.0004018000210623757
2019-10-16,LPPI  GF BARON BNYMILTD BRZEX589145,19929144.506360464,0.0029299239487518194
2019-10-16,LPPI GEF BARON BNYMILTD,322393141.0615109,0.04739728715439721
2019-10-16,LPPI GEF CASH ONLY BNYMILTD,0.0,0.0
2019-10-16,LPPI GEF FIRST EAGLE BNYMILTD,853654430.8588862,0.12550175247779982
2019-10-16,LPPI GEF INTERNAL EQUITY BNYMILTD,2819165885.19682,0.41446543979377
2019-10-16,LPPI GEF INTRNL INCUBATOR BNYMILTD,10928542.889497202,0.0016066820894735355
2019-10-16,LPPI GEF MAGELLAN BNYMILTD,1021963757.1365106,0.15024609239172387
2019-10-16,LPPI GEF ROBECO BNYMILTD,1040860284.1304916,0.15302420396446248
2019-10-16,LPPI GEF WELLINGTON BNYMILTD,710264045.5028201,0.10442092164025903
2019-10-16,LPPI GF FT EGL BNYMILTD BRZEX650557,2773124.2823370486,0.0004076965393618066
2019-10-17,LPPI  GF BARON BNYMILTD BRZEX589145,19904845.732218355,0.00293067227560434
2019-10-17,LPPI GEF BARON BNYMILTD,322817047.33895785,0.04752968113676005
2019-10-17,LPPI GEF CASH ONLY BNYMILTD,0.0,0.0
2019-10-17,LPPI GEF FIRST EAGLE BNYMILTD,851289781.4826299,0.12533889459179315
2019-10-17,LPPI GEF INTERNAL EQUITY BNYMILTD,2815507184.7725525,0.4145386987261092
2019-10-17,LPPI GEF INTRNL INCUBATOR BNYMILTD,10958388.285463037,0.0016134485625041164
2019-10-17,LPPI GEF MAGELLAN BNYMILTD,1018511416.1720209,0.14995962339614635
2019-10-17,LPPI GEF ROBECO BNYMILTD,1039716156.2757039,0.15308168446455603
2019-10-17,LPPI GEF WELLINGTON BNYMILTD,710464782.8727493,0.10460465104676665
2019-10-17,LPPI GF FT EGL BNYMILTD BRZEX650557,2734731.7527424432,0.0004026457997614398
2019-10-18,LPPI  GF BARON BNYMILTD BRZEX589145,20255362.43629141,0.003005619904199204
2019-10-18,LPPI GEF BARON BNYMILTD,315507796.3615235,0.04681705971230448
2019-10-18,LPPI GEF CASH ONLY BNYMILTD,0.0,0.0
2019-10-18,LPPI GEF FIRST EAGLE BNYMILTD,844413429.1432534,0.12529945183596283
2019-10-18,LPPI GEF INTERNAL EQUITY BNYMILTD,2794513339.5536437,0.41466771786140655
2019-10-18,LPPI GEF INTRNL INCUBATOR BNYMILTD,10836248.89136456,0.001607951743997779
2019-10-18,LPPI GEF MAGELLAN BNYMILTD,1006171099.7651023,0.14930208699033748
2019-10-18,LPPI GEF ROBECO BNYMILTD,1034984418.401405,0.1535775910338564
2019-10-18,LPPI GEF WELLINGTON BNYMILTD,709711813.8180894,0.10531156677972167
2019-10-18,LPPI GF FT EGL BNYMILTD BRZEX650557,2769486.921001349,0.00041095413821215645
2019-10-21,LPPI  GF BARON BNYMILTD BRZEX589145,20271746.494375303,0.003017987575831955
2019-10-21,LPPI GEF BARON BNYMILTD,264945563.4164775,0.039444180050524406
2019-10-21,LPPI GEF CASH ONLY BNYMILTD,0.0,0.0
2019-10-21,LPPI GEF FIRST EAGLE BNYMILTD,850552363.6309495,0.1266272970977093
2019-10-21,LPPI GEF INTERNAL EQUITY BNYMILTD,2802304222.7318215,0.41719737025384906
2019-10-21,LPPI GEF INTRNL INCUBATOR BNYMILTD,10836726.139797641,0.001613334345004619
2019-10-21,LPPI GEF MAGELLAN BNYMILTD,1011861757.5021186,0.1506424823065047
2019-10-21,LPPI GEF ROBECO BNYMILTD,1041164679.3499516,0.1550050000647488
2019-10-21,LPPI GEF WELLINGTON BNYMILTD,712257758.1162661,0.10603847405951171
2019-10-21,LPPI GF FT EGL BNYMILTD BRZEX650557,2779982.882983892,0.00041387424631611307
2019-10-22,LPPI  GF BARON BNYMILTD BRZEX589145,20808031.558523085,0.0031663728399405192
2019-10-22,LPPI GEF BARON BNYMILTD,324117538.61001563,0.04932119447804074
2019-10-22,LPPI GEF CASH ONLY BNYMILTD,0.0,0.0
2019-10-22,LPPI GEF FIRST EAGLE BNYMILTD,729165805.4904971,0.11095767496434616
2019-10-22,LPPI GEF INTERNAL EQUITY BNYMILTD,2799311391.6002946,0.4259731890529869
2019-10-22,LPPI GEF INTRNL INCUBATOR BNYMILTD,10807423.712760169,0.001644573289768781
2019-10-22,LPPI GEF MAGELLAN BNYMILTD,1002006739.6632757,0.15247607237540836
2019-10-22,LPPI GEF ROBECO BNYMILTD,1007035667.2758051,0.1532413278375387
2019-10-22,LPPI GEF WELLINGTON BNYMILTD,675414707.8997135,0.10277833252872129
2019-10-22,LPPI GF FT EGL BNYMILTD BRZEX650557,2899786.999942932,0.0004412626332485055
2019-10-23,LPPI  GF BARON BNYMILTD BRZEX589145,20897283.180169985,0.0031017208189235094
2019-10-23,LPPI GEF BARON BNYMILTD,315458188.35811055,0.04682250902637604
2019-10-23,LPPI GEF CASH ONLY BNYMILTD,0.0,0.0
2019-10-23,LPPI GEF FIRST EAGLE BNYMILTD,849002027.4765714,0.12601481452054142
2019-10-23,LPPI GEF INTERNAL EQUITY BNYMILTD,2787068122.1191273,0.41367612926536546
2019-10-23,LPPI GEF INTRNL INCUBATOR BNYMILTD,10809770.978385774,0.0016044617571757275
2019-10-23,LPPI GEF MAGELLAN BNYMILTD,1001577114.8477494,0.14866107532239206
2019-10-23,LPPI GEF ROBECO BNYMILTD,1038728660.7885017,0.15417536741989177
2019-10-23,LPPI GEF WELLINGTON BNYMILTD,710875658.097514,0.1055131334239341
2019-10-23,LPPI GF FT EGL BNYMILTD BRZEX650557,2902359.2579091764,0.00043078844539920003
2019-10-24,LPPI  GF BARON BNYMILTD BRZEX589145,20843343.2852194,0.003064101943298353
2019-10-24,LPPI GEF BARON BNYMILTD,324705192.1498598,0.047733695916767016
2019-10-24,LPPI GEF CASH ONLY BNYMILTD,0.0,0.0
2019-10-24,LPPI GEF FIRST EAGLE BNYMILTD,859013633.4544109,0.1262803815860932
2019-10-24,LPPI GEF INTERNAL EQUITY BNYMILTD,2815996365.138541,0.41396909395340686
2019-10-24,LPPI GEF INTRNL INCUBATOR BNYMILTD,10945568.500198685,0.0016090670893352797
2019-10-24,LPPI GEF MAGELLAN BNYMILTD,1012085004.9296558,0.148782831427393
2019-10-24,LPPI GEF ROBECO BNYMILTD,1042918110.3498354,0.1533154909409409
2019-10-24,LPPI GEF WELLINGTON BNYMILTD,713083371.0523988,0.1048277194822585
2019-10-24,LPPI GF FT EGL BNYMILTD BRZEX650557,2840815.4888375676,0.00041761766050611905
2019-10-25,LPPI  GF BARON BNYMILTD BRZEX589145,21070649.510671828,0.003099542863859294
2019-10-25,LPPI GEF BARON BNYMILTD,321047488.0362347,0.04722685221443536
2019-10-25,LPPI GEF CASH ONLY BNYMILTD,0.0,0.0
2019-10-25,LPPI GEF FIRST EAGLE BNYMILTD,863321089.7243705,0.12699659407837027
2019-10-25,LPPI GEF INTERNAL EQUITY BNYMILTD,2817084164.0669026,0.414399808283185
2019-10-25,LPPI GEF INTRNL INCUBATOR BNYMILTD,10940034.282199197,0.0016093051698568817
2019-10-25,LPPI GEF MAGELLAN BNYMILTD,1014563005.7308738,0.14924464111825564
2019-10-25,LPPI GEF ROBECO BNYMILTD,1043081683.8225521,0.15343980677373253
2019-10-25,LPPI GEF WELLINGTON BNYMILTD,703912140.707605,0.10354715697820034
2019-10-25,LPPI GF FT EGL BNYMILTD BRZEX650557,2965910.5161779867,0.00043629252010521434
2019-10-28,LPPI  GF BARON BNYMILTD BRZEX589145,21162325.665095627,0.0031554654923621928
2019-10-28,LPPI GEF BARON BNYMILTD,263894611.73053417,0.039348715926315316
2019-10-28,LPPI GEF CASH ONLY BNYMILTD,0.0,0.0
2019-10-28,LPPI GEF FIRST EAGLE BNYMILTD,850162215.495138,0.12676572397379635
2019-10-28,LPPI GEF INTERNAL EQUITY BNYMILTD,2824115789.6023717,0.421097381334776
2019-10-28,LPPI GEF INTRNL INCUBATOR BNYMILTD,11004615.161486303,0.0016408727447224508
2019-10-28,LPPI GEF MAGELLAN BNYMILTD,1017697699.5065733,0.15174655296728556
2019-10-28,LPPI GEF ROBECO BNYMILTD,1011422960.3301827,0.15081094110410878
2019-10-28,LPPI GEF WELLINGTON BNYMILTD,704163250.920037,0.10499615564146533
2019-10-28,LPPI GF FT EGL BNYMILTD BRZEX650557,2938753.9672028976,0.0004381908151685811
2019-10-29,LPPI  GF BARON BNYMILTD BRZEX589145,20941446.852657758,0.003069655093436706
2019-10-29,LPPI GEF BARON BNYMILTD,330048340.96552396,0.04837939699455745
2019-10-29,LPPI GEF CASH ONLY BNYMILTD,0.0,0.0
2019-10-29,LPPI GEF FIRST EAGLE BNYMILTD,865334128.0270816,0.12684306544396304
2019-10-29,LPPI GEF INTERNAL EQUITY BNYMILTD,2819725365.7966805,0.4133231286314845
2019-10-29,LPPI GEF INTRNL INCUBATOR BNYMILTD,10965521.317634268,0.00160735638763149
2019-10-29,LPPI GEF MAGELLAN BNYMILTD,1015966798.657338,0.1489232181617518
2019-10-29,LPPI GEF ROBECO BNYMILTD,1044396006.0673736,0.15309044986940762
2019-10-29,LPPI GEF WELLINGTON BNYMILTD,711726672.0662426,0.10432686047982506
2019-10-29,LPPI GF FT EGL BNYMILTD BRZEX650557,2980356.86975443,0.00043686893794254105
2019-10-30,LPPI  GF BARON BNYMILTD BRZEX589145,21083423.504165612,0.0030985582717402396
2019-10-30,LPPI GEF BARON BNYMILTD,330226252.67194176,0.04853221710223016
2019-10-30,LPPI GEF CASH ONLY BNYMILTD,0.0,0.0
2019-10-30,LPPI GEF FIRST EAGLE BNYMILTD,863404049.2927306,0.12689152491109554
2019-10-30,LPPI GEF INTERNAL EQUITY BNYMILTD,2832271212.4851947,0.41624916330707984
2019-10-30,LPPI GEF INTRNL INCUBATOR BNYMILTD,11086213.003673913,0.0016293026129281598
2019-10-30,LPPI GEF MAGELLAN BNYMILTD,990612278.7446781,0.14558688107675263
2019-10-30,LPPI GEF ROBECO BNYMILTD,1040360256.1229997,0.15289817028827413
2019-10-30,LPPI GEF WELLINGTON BNYMILTD,712354824.9193156,0.104692339682486
2019-10-30,LPPI GF FT EGL BNYMILTD BRZEX650557,2870331.462528887,0.0004218427474123408
2019-10-31,LPPI  GF BARON BNYMILTD BRZEX589145,20744845.79272161,0.0030744186762183563
2019-10-31,LPPI GEF BARON BNYMILTD,328598515.95324194,0.04869881533555344
2019-10-31,LPPI GEF CASH ONLY BNYMILTD,0.0,0.0
2019-10-31,LPPI GEF FIRST EAGLE BNYMILTD,861224775.0202603,0.12763486213395794
2019-10-31,LPPI GEF INTERNAL EQUITY BNYMILTD,2802041856.611931,0.41526699699718916
2019-10-31,LPPI GEF INTRNL INCUBATOR BNYMILTD,11060290.60533435,0.0016391524112159342
2019-10-31,LPPI GEF MAGELLAN BNYMILTD,985891502.9374099,0.14611066669963907
2019-10-31,LPPI GEF ROBECO BNYMILTD,1026292711.9447019,0.15209818922715768
2019-10-31,LPPI GEF WELLINGTON BNYMILTD,708904444.0937352,0.1050607502390133
2019-10-31,LPPI GF FT EGL BNYMILTD BRZEX650557,2807988.3730318937,0.00041614828005528677
2019-11-01,LPPI  GF BARON BNYMILTD BRZEX589145,20699586.01309215,0.003072062972079976
2019-11-01,LPPI GEF BARON BNYMILTD,318505798.6679657,0.04727002123915672
2019-11-01,LPPI GEF CASH ONLY BNYMILTD,0.0,0.0
2019-11-01,LPPI GEF FIRST EAGLE BNYMILTD,865486712.3362606,0.12844844723531154
2019-11-01,LPPI GEF INTERNAL EQUITY BNYMILTD,2820735481.2191205,0.4186304508894371
2019-11-01,LPPI GEF INTRNL INCUBATOR BNYMILTD,11175891.862765623,0.0016586343103604628
2019-11-01,LPPI GEF MAGELLAN BNYMILTD,987054401.0265373,0.1464905276320178
2019-11-01,LPPI GEF ROBECO BNYMILTD,1029714609.1432664,0.15282180622153835
2019-11-01,LPPI GEF WELLINGTON BNYMILTD,681866940.0466409,0.10119710496035403
2019-11-01,LPPI GF FT EGL BNYMILTD BRZEX650557,2768947.7476081653,0.0004109445397444735
2019-11-04,LPPI  GF BARON BNYMILTD BRZEX589145,20477538.758386016,0.003131313390923328
2019-11-04,LPPI GEF BARON BNYMILTD,329655256.6530253,0.05040908146850184
2019-11-04,LPPI GEF CASH ONLY BNYMILTD,0.0,0.0
2019-11-04,LPPI GEF FIRST EAGLE BNYMILTD,742328136.1632262,0.1135127644319631
2019-11-04,LPPI GEF INTERNAL EQUITY BNYMILTD,2834915637.3679066,0.4334998166609613
2019-11-04,LPPI GEF INTRNL INCUBATOR BNYMILTD,11151427.066338833,0.001705215324592252
2019-11-04,LPPI GEF MAGELLAN BNYMILTD,955220756.511191,0.1460671412440366
2019-11-04,LPPI GEF ROBECO BNYMILTD,996432083.4025964,0.15236895228077213
2019-11-04,LPPI GEF WELLINGTON BNYMILTD,646610701.4499173,0.09887617706670315
2019-11-04,LPPI GF FT EGL BNYMILTD BRZEX650557,2809007.79923825,0.0004295381315472147
2019-11-05,LPPI  GF BARON BNYMILTD BRZEX589145,20629504.506850645,0.0030695279567387267
2019-11-05,LPPI GEF BARON BNYMILTD,331907869.6453316,0.04938560131677497
2019-11-05,LPPI GEF CASH ONLY BNYMILTD,0.0,0.0
2019-11-05,LPPI GEF FIRST EAGLE BNYMILTD,872138820.6413156,0.12976824000918993
2019-11-05,LPPI GEF INTERNAL EQUITY BNYMILTD,2817599786.817334,0.4192394108964092
2019-11-05,LPPI GEF INTRNL INCUBATOR BNYMILTD,11126540.999555163,0.0016555525436198735
2019-11-05,LPPI GEF MAGELLAN BNYMILTD,949947350.9239868,0.141345612548414
2019-11-05,LPPI GEF ROBECO BNYMILTD,1031220164.3757788,0.15343844652463687
2019-11-05,LPPI GEF WELLINGTON BNYMILTD,683393071.6125933,0.10168417462764574
2019-11-05,LPPI GF FT EGL BNYMILTD BRZEX650557,2778580.2740258477,0.00041343357657149763
2019-11-06,LPPI  GF BARON BNYMILTD BRZEX589145,20220672.13733186,0.0029913307836137056
2019-11-06,LPPI GEF BARON BNYMILTD,330928213.7305977,0.04895563046448036
2019-11-06,LPPI GEF CASH ONLY BNYMILTD,0.0,0.0
2019-11-06,LPPI GEF FIRST EAGLE BNYMILTD,873383596.6196464,0.12920338259420175
2019-11-06,LPPI GEF INTERNAL EQUITY BNYMILTD,2838630416.028111,0.4199307762421147
2019-11-06,LPPI GEF INTRNL INCUBATOR BNYMILTD,11175574.727417093,0.0016532507168730151
2019-11-06,LPPI GEF MAGELLAN BNYMILTD,956409054.0751443,0.14148569472623615
2019-11-06,LPPI GEF ROBECO BNYMILTD,1036853446.6173656,0.15338617885190398
2019-11-06,LPPI GEF WELLINGTON BNYMILTD,689447731.3536474,0.1019929608909098
2019-11-06,LPPI GF FT EGL BNYMILTD BRZEX650557,2709275.3724802807,0.00040079472966797876
2019-11-07,LPPI  GF BARON BNYMILTD BRZEX589145,20390802.089359112,0.0030087482396429
2019-11-07,LPPI GEF BARON BNYMILTD,329444006.3719563,0.048610842765709074
2019-11-07,LPPI GEF CASH ONLY BNYMILTD,0.0,0.0
2019-11-07,LPPI GEF FIRST EAGLE BNYMILTD,874067428.91281,0.12897230950238062
2019-11-07,LPPI GEF INTERNAL EQUITY BNYMILTD,2846725261.0838494,0.4200462336154335
2019-11-07,LPPI GEF INTRNL INCUBATOR BNYMILTD,11256561.32614304,0.0016609527632137251
2019-11-07,LPPI GEF MAGELLAN BNYMILTD,959182492.8879694,0.14153139363159167
2019-11-07,LPPI GEF ROBECO BNYMILTD,1041210715.2719392,0.15363500135713565
2019-11-07,LPPI GEF WELLINGTON BNYMILTD,692088851.93807,0.10212060839096652
2019-11-07,LPPI GF FT EGL BNYMILTD BRZEX650557,2805137.1517734816,0.0004139097339265398
2019-11-08,LPPI  GF BARON BNYMILTD BRZEX589145,19834715.98278228,0.0029213136937926865
2019-11-08,LPPI GEF BARON BNYMILTD,327655926.6113612,0.048258101910458186
2019-11-08,LPPI GEF CASH ONLY BNYMILTD,0.0,0.0
2019-11-08,LPPI GEF FIRST EAGLE BNYMILTD,873597725.5823325,0.12866597136178548
2019-11-08,LPPI GEF INTERNAL EQUITY BNYMILTD,2851738839.457002,0.42001225175383694
2019-11-08,LPPI GEF INTRNL INCUBATOR BNYMILTD,11322566.25958289,0.0016676199392876181
2019-11-08,LPPI GEF MAGELLAN BNYMILTD,963317441.8628004,0.1418801477584046
2019-11-08,LPPI GEF ROBECO BNYMILTD,1043259553.9975985,0.15365425065419697
2019-11-08,LPPI GEF WELLINGTON BNYMILTD,696118684.9875586,0.10252635070370468
2019-11-08,LPPI GF FT EGL BNYMILTD BRZEX650557,2810864.9235916617,0.0004139922245328775
2019-11-11,LPPI  GF BARON BNYMILTD BRZEX589145,20098716.699767668,0.002978295571826693
2019-11-11,LPPI GEF BARON BNYMILTD,323386843.1796905,0.04792055221317781
2019-11-11,LPPI GEF CASH ONLY BNYMILTD,0.0,0.0
2019-11-11,LPPI GEF FIRST EAGLE BNYMILTD,867044605.0686073,0.1284815914581207
2019-11-11,LPPI GEF INTERNAL EQUITY BNYMILTD,2836653169.5725017,0.4203448259879992
2019-11-11,LPPI GEF INTRNL INCUBATOR BNYMILTD,11274849.577921737,0.0016707452059028492
2019-11-11,LPPI GEF MAGELLAN BNYMILTD,959534746.1764903,0.14218709225272702
2019-11-11,LPPI GEF ROBECO BNYMILTD,1037483893.4944706,0.153737859585424
2019-11-11,LPPI GEF WELLINGTON BNYMILTD,690015546.9072045,0.10224882904434672
2019-11-11,LPPI GF FT EGL BNYMILTD BRZEX650557,2903218.361687776,0.0004302086804756346
2019-11-12,LPPI  GF BARON BNYMILTD BRZEX589145,19559034.173172466,0.002911853080761678
2019-11-12,LPPI GEF BARON BNYMILTD,269062950.6103804,0.04005677247234875
2019-11-12,LPPI GEF CASH ONLY BNYMILTD,0.0,0.0
2019-11-12,LPPI GEF FIRST EAGLE BNYMILTD,868615961.1248485,0.12931528418051266
2019-11-12,LPPI GEF INTERNAL EQUITY BNYMILTD,2855552569.407919,0.4251206615259312
2019-11-12,LPPI GEF INTRNL INCUBATOR BNYMILTD,11290900.34655168,0.0016809338675717901
2019-11-12,LPPI GEF MAGELLAN BNYMILTD,962350302.7180754,0.14326999323847706
2019-11-12,LPPI GEF ROBECO BNYMILTD,1038006066.4066632,0.15453325228406722
2019-11-12,LPPI GEF WELLINGTON BNYMILTD,689733664.946371,0.10268416525054679
2019-11-12,LPPI GF FT EGL BNYMILTD BRZEX650557,2868741.063090658,0.0004270840997826813
2019-11-13,LPPI  GF BARON BNYMILTD BRZEX589145,19687183.331778403,0.002900166263583855
2019-11-13,LPPI GEF BARON BNYMILTD,325526912.4021893,0.047954151354578985
2019-11-13,LPPI GEF CASH ONLY BNYMILTD,0.0,0.0
2019-11-13,LPPI GEF FIRST EAGLE BNYMILTD,865276967.3228664,0.12746602837975607
2019-11-13,LPPI GEF INTERNAL EQUITY BNYMILTD,2869161983.1236343,0.4226631432227765
2019-11-13,LPPI GEF INTRNL INCUBATOR BNYMILTD,11382405.948703006,0.001676769559897356
2019-11-13,LPPI GEF MAGELLAN BNYMILTD,967251658.1759626,0.1424881650240653
2019-11-13,LPPI GEF ROBECO BNYMILTD,1039333598.8573068,0.15310672884067011
2019-11-13,LPPI GEF WELLINGTON BNYMILTD,687786368.6062081,0.10131946196512548
2019-11-13,LPPI GF FT EGL BNYMILTD BRZEX650557,2887641.3934655646,0.00042538538954625535
2019-11-14,LPPI  GF BARON BNYMILTD BRZEX589145,20000401.491653398,0.002949364311654785
2019-11-14,LPPI GEF BARON BNYMILTD,324719548.81045437,0.04788485115950667
2019-11-14,LPPI GEF CASH ONLY BNYMILTD,0.0,0.0
2019-11-14,LPPI GEF FIRST EAGLE BNYMILTD,862829920.9807366,0.12723743456002637
2019-11-14,LPPI GEF INTERNAL EQUITY BNYMILTD,2862263378.4539504,0.4220843997802497
2019-11-14,LPPI GEF INTRNL INCUBATOR BNYMILTD,11315484.323411822,0.001668640784360629
2019-11-14,LPPI GEF MAGELLAN BNYMILTD,970909596.9496423,0.14317543156728305
2019-11-14,LPPI GEF ROBECO BNYMILTD,1034669237.1418607,0.15257776318474364
2019-11-14,LPPI GEF WELLINGTON BNYMILTD,691729658.2326171,0.10200609063552284
2019-11-14,LPPI GF FT EGL BNYMILTD BRZEX650557,2821166.3545175255,0.00041602401665424604
2019-11-15,LPPI GEF BARON BNYMILTD,326101091.1237212,0.04804810195892558
2019-11-15,LPPI GEF CASH ONLY BNYMILTD,0.0,0.0
2019-11-15,LPPI GEF FIRST EAGLE BNYMILTD,865279354.5750767,0.12749123441541396
2019-11-15,LPPI GEF INTERNAL EQUITY BNYMILTD,2870649798.94974,0.4229647737547024
2019-11-15,LPPI GEF INTRNL INCUBATOR BNYMILTD,11408492.982595652,0.0016809402021211728
2019-11-15,LPPI GEF MAGELLAN BNYMILTD,977503295.1060251,0.14402643617840852
2019-11-15,LPPI GEF ROBECO BNYMILTD,1041506204.2903688,0.1534566968854801
2019-11-15,LPPI GEF WELLINGTON BNYMILTD,694523106.8663878,0.10233181660494768
2019-11-18,LPPI  GF BARON BNYMILTD BRZEX589145,19633349.94784709,0.0028984160991865735
2019-11-18,LPPI GEF BARON BNYMILTD,308936847.01892525,0.045607475719128675
2019-11-18,LPPI GEF CASH ONLY BNYMILTD,0.0,0.0
2019-11-18,LPPI GEF FIRST EAGLE BNYMILTD,858208062.3961793,0.1266948366482697
2019-11-18,LPPI GEF INTERNAL EQUITY BNYMILTD,2863265994.6763144,0.42269588619711396
2019-11-18,LPPI GEF INTRNL INCUBATOR BNYMILTD,11429417.193408076,0.0016872926365439933
2019-11-18,LPPI GEF MAGELLAN BNYMILTD,976256164.5511842,0.1441219451485186
2019-11-18,LPPI GEF ROBECO BNYMILTD,1040129110.1601584,0.1535513280275122
2019-11-18,LPPI GEF WELLINGTON BNYMILTD,693256733.6969081,0.10234353705068829
2019-11-18,LPPI GF FT EGL BNYMILTD BRZEX650557,2704667.7402236173,0.00039928247303890795
2019-11-19,LPPI  GF BARON BNYMILTD BRZEX589145,19630509.828476578,0.002888003714688062
2019-11-19,LPPI GEF BARON BNYMILTD,322203447.7731587,0.04740196572502348
2019-11-19,LPPI GEF CASH ONLY BNYMILTD,0.0,0.0
2019-11-19,LPPI GEF FIRST EAGLE BNYMILTD,861577721.544523,0.12675369524552782
2019-11-19,LPPI GEF INTERNAL EQUITY BNYMILTD,2859410859.82846,0.42067115205661665
2019-11-19,LPPI GEF INTRNL INCUBATOR BNYMILTD,11508472.78379962,0.001693104888278853
2019-11-19,LPPI GEF MAGELLAN BNYMILTD,983886161.5300319,0.14474748308406118
2019-11-19,LPPI GEF ROBECO BNYMILTD,1040971379.1623096,0.15314575302286026
2019-11-19,LPPI GEF WELLINGTON BNYMILTD,695344682.8559182,0.10229780299253322
2019-11-19,LPPI GF FT EGL BNYMILTD BRZEX650557,2725967.8716340833,0.00040103927041055837
2019-11-20,LPPI GEF BARON BNYMILTD,325220997.6850787,0.04799622284553342
2019-11-20,LPPI GEF CASH ONLY BNYMILTD,0.0,0.0
2019-11-20,LPPI GEF FIRST EAGLE BNYMILTD,860436644.4322193,0.1269835257396929
2019-11-20,LPPI GEF INTERNAL EQUITY BNYMILTD,2860781922.0355363,0.42219514613090653
2019-11-20,LPPI GEF INTRNL INCUBATOR BNYMILTD,11511648.775992734,0.0016988929494247383
2019-11-20,LPPI GEF MAGELLAN BNYMILTD,983051376.7590773,0.14507904865732438
2019-11-20,LPPI GEF ROBECO BNYMILTD,1039560992.908988,0.15341875657579346
2019-11-20,LPPI GEF WELLINGTON BNYMILTD,695407075.1721584,0.10262840710132559
2019-11-21,LPPI  GF BARON BNYMILTD BRZEX589145,20078430.369248386,0.0029626739053496914
2019-11-21,LPPI GEF BARON BNYMILTD,319022972.76040214,0.04707345241747151
2019-11-21,LPPI GEF CASH ONLY BNYMILTD,0.0,0.0
2019-11-21,LPPI GEF FIRST EAGLE BNYMILTD,859683120.4148914,0.12685059045370675
2019-11-21,LPPI GEF INTERNAL EQUITY BNYMILTD,2844303128.9685926,0.4196913057509671
2019-11-21,LPPI GEF INTRNL INCUBATOR BNYMILTD,11462499.301217543,0.0016913497193395165
2019-11-21,LPPI GEF MAGELLAN BNYMILTD,980852223.4815834,0.1447297041686975
2019-11-21,LPPI GEF ROBECO BNYMILTD,1035856293.5380104,0.1528458327727435
2019-11-21,LPPI GEF WELLINGTON BNYMILTD,703146158.6573775,0.10375277039044103
2019-11-21,LPPI GF FT EGL BNYMILTD BRZEX650557,2726578.3623030456,0.0004023204212844412
2019-11-22,LPPI  GF BARON BNYMILTD BRZEX589145,20442682.437701937,0.002994018483133582
2019-11-22,LPPI GEF BARON BNYMILTD,326139406.47681904,0.0477661096602928
2019-11-22,LPPI GEF CASH ONLY BNYMILTD,0.0,0.0
2019-11-22,LPPI GEF FIRST EAGLE BNYMILTD,865555037.1094166,0.1267684799767544
2019-11-22,LPPI GEF INTERNAL EQUITY BNYMILTD,2861004690.592753,0.41902039764452326
2019-11-22,LPPI GEF INTRNL INCUBATOR BNYMILTD,11513979.117664827,0.0016863279267658512
2019-11-22,LPPI GEF MAGELLAN BNYMILTD,990225940.4503323,0.14502767810543318
2019-11-22,LPPI GEF ROBECO BNYMILTD,1043733237.8364199,0.1528643129426019
2019-11-22,LPPI GEF WELLINGTON BNYMILTD,706524677.6900022,0.10347702412539458
2019-11-22,LPPI GF FT EGL BNYMILTD BRZEX650557,2701443.0794369965,0.00039565113510010093
2019-11-25,LPPI  GF BARON BNYMILTD BRZEX589145,19882006.237391338,0.002906068824829511
2019-11-25,LPPI GEF BARON BNYMILTD,322981489.2713771,0.04720883927716281
2019-11-25,LPPI GEF CASH ONLY BNYMILTD,0.0,0.0
2019-11-25,LPPI GEF FIRST EAGLE BNYMILTD,865794090.6687855,0.1265494631463458
2019-11-25,LPPI GEF INTERNAL EQUITY BNYMILTD,2871995073.060563,0.4197873819790301
2019-11-25,LPPI GEF INTRNL INCUBATOR BNYMILTD,11552688.72659094,0.0016886076862890214
2019-11-25,LPPI GEF MAGELLAN BNYMILTD,995760086.9722753,0.14554604355356707
2019-11-25,LPPI GEF ROBECO BNYMILTD,1043107468.4417113,0.15246661019974733
2019-11-25,LPPI GEF WELLINGTON BNYMILTD,707703116.5150603,0.10344197359073705
2019-11-25,LPPI GF FT EGL BNYMILTD BRZEX650557,2770906.840773209,0.0004050117422925822
2019-11-26,LPPI  GF BARON BNYMILTD BRZEX589145,19443128.816671256,0.002820240762461885
2019-11-26,LPPI GEF BARON BNYMILTD,327775035.11331534,0.04754402049485622
2019-11-26,LPPI GEF CASH ONLY BNYMILTD,0.0,0.0
2019-11-26,LPPI GEF FIRST EAGLE BNYMILTD,868188278.4748981,0.1259313763506563
2019-11-26,LPPI GEF INTERNAL EQUITY BNYMILTD,2892680526.909541,0.41958553130476584
2019-11-26,LPPI GEF INTRNL INCUBATOR BNYMILTD,11674596.802661367,0.0016934092294827324
2019-11-26,LPPI GEF MAGELLAN BNYMILTD,1004057793.2176017,0.14563935377889467
2019-11-26,LPPI GEF ROBECO BNYMILTD,1052789405.7543339,0.15270791159139804
2019-11-26,LPPI GEF WELLINGTON BNYMILTD,714840292.1367532,0.10368813319827529
2019-11-26,LPPI GF FT EGL BNYMILTD BRZEX650557,2688874.352336363,0.00039002328920925185
2019-11-27,LPPI  GF BARON BNYMILTD BRZEX589145,19313783.038664006,0.0027986332305698367
2019-11-27,LPPI GEF BARON BNYMILTD,329638721.25125855,0.047765778331956166
2019-11-27,LPPI GEF CASH ONLY BNYMILTD,0.0,0.0
2019-11-27,LPPI GEF FIRST EAGLE BNYMILTD,865905473.4352121,0.12547266517578748
2019-11-27,LPPI GEF INTERNAL EQUITY BNYMILTD,2897998557.0225215,0.4199299043377723
2019-11-27,LPPI GEF INTRNL INCUBATOR BNYMILTD,11689776.05260503,0.0016938885382137415
2019-11-27,LPPI GEF MAGELLAN BNYMILTD,1009227835.7288277,0.14624056574688282
2019-11-27,LPPI GEF ROBECO BNYMILTD,1052153634.0745589,0.1524606607670355
2019-11-27,LPPI GEF WELLINGTON BNYMILTD,712604263.0943613,0.10325879538717049
2019-11-27,LPPI GF FT EGL BNYMILTD BRZEX650557,2616283.8845525505,0.00037910848461201275
2019-11-28,LPPI  GF BARON BNYMILTD BRZEX589145,19844900.09239241,0.002878031424789646
2019-11-28,LPPI GEF BARON BNYMILTD,330145637.59483576,0.04787978348751682
2019-11-28,LPPI GEF CASH ONLY BNYMILTD,0.0,0.0
2019-11-28,LPPI GEF FIRST EAGLE BNYMILTD,866159037.2882551,0.1256157963292936
2019-11-28,LPPI GEF INTERNAL EQUITY BNYMILTD,2888216284.566121,0.41886717443123134
2019-11-28,LPPI GEF INTRNL INCUBATOR BNYMILTD,11673394.690388752,0.0016929486465790114
2019-11-28,LPPI GEF MAGELLAN BNYMILTD,1010304120.5083779,0.1465206170794604
2019-11-28,LPPI GEF ROBECO BNYMILTD,1053048603.9169866,0.1527196891792759
2019-11-28,LPPI GEF WELLINGTON BNYMILTD,713148211.6704217,0.10342521021342044
2019-11-28,LPPI GF FT EGL BNYMILTD BRZEX650557,2763287.4106103443,0.0004007492084331992
2019-11-29,LPPI  GF BARON BNYMILTD BRZEX589145,19647305.946863253,0.0028648729077374864
2019-11-29,LPPI GEF BARON BNYMILTD,326566604.8937283,0.04761832596601984
2019-11-29,LPPI GEF CASH ONLY BNYMILTD,0.0,0.0
2019-11-29,LPPI GEF FIRST EAGLE BNYMILTD,860939533.5005357,0.1255379415069177
2019-11-29,LPPI GEF INTERNAL EQUITY BNYMILTD,2874900186.9032073,0.41920371577576876
2019-11-29,LPPI GEF INTRNL INCUBATOR BNYMILTD,11637001.16322507,0.0016968499116366488
2019-11-29,LPPI GEF MAGELLAN BNYMILTD,1006682636.4497911,0.14678947941537976
2019-11-29,LPPI GEF ROBECO BNYMILTD,1047390746.7573812,0.15272533457337528
2019-11-29,LPPI GEF WELLINGTON BNYMILTD,707488717.5586727,0.10316250303962791
2019-11-29,LPPI GF FT EGL BNYMILTD BRZEX650557,2749900.6605598335,0.0004009769035364896
2019-12-02,LPPI  GF BARON BNYMILTD BRZEX589145,20073809.802199412,0.0029508141478898973
2019-12-02,LPPI GEF BARON BNYMILTD,321950004.1980909,0.04732607495348735
2019-12-02,LPPI GEF CASH ONLY BNYMILTD,0.0,0.0
2019-12-02,LPPI GEF FIRST EAGLE BNYMILTD,858343152.7976348,0.1261749086983065
2019-12-02,LPPI GEF INTERNAL EQUITY BNYMILTD,2847636573.638638,0.41859748460010493
2019-12-02,LPPI GEF INTRNL INCUBATOR BNYMILTD,11545326.84274614,0.0016971424022287785
2019-12-02,LPPI GEF MAGELLAN BNYMILTD,995891276.6030672,0.14639423695438622
2019-12-02,LPPI GEF ROBECO BNYMILTD,1041974861.988408,0.1531684416061438
2019-12-02,LPPI GEF WELLINGTON BNYMILTD,702641936.483237,0.10328710830209815
2019-12-02,LPPI GF FT EGL BNYMILTD BRZEX650557,2746892.83636164,0.0004037883353555158
2019-12-03,LPPI  GF BARON BNYMILTD BRZEX589145,20250676.014854655,0.0030029922046452607
2019-12-03,LPPI GEF BARON BNYMILTD,319495470.4345695,0.04737829030649122
2019-12-03,LPPI GEF CASH ONLY BNYMILTD,0.0,0.0
2019-12-03,LPPI GEF FIRST EAGLE BNYMILTD,850649227.8554757,0.12614359136769973
2019-12-03,LPPI GEF INTERNAL EQUITY BNYMILTD,2818539824.7633724,0.41796397888336745
2019-12-03,LPPI GEF INTRNL INCUBATOR BNYMILTD,11448194.664036855,0.001697663787033378
2019-12-03,LPPI GEF MAGELLAN BNYMILTD,990821516.4506538,0.14692987473176286
2019-12-03,LPPI GEF ROBECO BNYMILTD,1032277654.1016896,0.15307744521827113
2019-12-03,LPPI GEF WELLINGTON BNYMILTD,697249300.6045856,0.10339576875725148
2019-12-03,LPPI GF FT EGL BNYMILTD BRZEX650557,2767496.6906316886,0.0004103947434768225
2019-12-04,LPPI  GF BARON BNYMILTD BRZEX589145,20274083.43488195,0.003010514374679653
2019-12-04,LPPI GEF BARON BNYMILTD,320639660.10572165,0.04761203183073976
2019-12-04,LPPI GEF CASH ONLY BNYMILTD,0.0,0.0
2019-12-04,LPPI GEF FIRST EAGLE BNYMILTD,847159191.4833442,0.1257953254357538
2019-12-04,LPPI GEF INTERNAL EQUITY BNYMILTD,2817280157.623582,0.41834011580681535
2019-12-04,LPPI GEF INTRNL INCUBATOR BNYMILTD,11446476.70684667,0.001699696204569672
2019-12-04,LPPI GEF MAGELLAN BNYMILTD,990883565.0839096,0.14713706915038652
2019-12-04,LPPI GEF ROBECO BNYMILTD,1029156522.6642795,0.15282025030761542
2019-12-04,LPPI GEF WELLINGTON BNYMILTD,694894693.8706443,0.10318545208247895
2019-12-04,LPPI GF FT EGL BNYMILTD BRZEX650557,2690704.558807529,0.00039954480696124776
2019-12-05,LPPI  GF BARON BNYMILTD BRZEX589145,20238912.59190676,0.0030166860611628857
2019-12-05,LPPI GEF BARON BNYMILTD,315225003.85657716,0.046985472709853884
2019-12-05,LPPI GEF CASH ONLY BNYMILTD,0.0,0.0
2019-12-05,LPPI GEF FIRST EAGLE BNYMILTD,838992281.003404,0.12505495579531895
2019-12-05,LPPI GEF INTERNAL EQUITY BNYMILTD,2809717002.668092,0.4187988894793999
2019-12-05,LPPI GEF INTRNL INCUBATOR BNYMILTD,11410811.37236267,0.0017008243628331388
2019-12-05,LPPI GEF MAGELLAN BNYMILTD,989745455.3646152,0.14752528357139627
2019-12-05,LPPI GEF ROBECO BNYMILTD,1026963846.8238689,0.15307282483499815
2019-12-05,LPPI GEF WELLINGTON BNYMILTD,693861268.7431973,0.10342263243112293
2019-12-05,LPPI GF FT EGL BNYMILTD BRZEX650557,2834083.139988744,0.00042243075391311396
2019-12-06,LPPI  GF BARON BNYMILTD BRZEX589145,20605315.252586506,0.003077861465780313
2019-12-06,LPPI GEF BARON BNYMILTD,323685401.64268625,0.048349603611456085
2019-12-06,LPPI GEF CASH ONLY BNYMILTD,0.0,0.0
2019-12-06,LPPI GEF FIRST EAGLE BNYMILTD,850643028.318164,0.12706242859674283
2019-12-06,LPPI GEF INTERNAL EQUITY BNYMILTD,2760572519.4907436,0.41235281659503265
2019-12-06,LPPI GEF INTRNL INCUBATOR BNYMILTD,11469528.375386035,0.0017132287948296875
2019-12-06,LPPI GEF MAGELLAN BNYMILTD,999426477.726348,0.14928654116506868
2019-12-06,LPPI GEF ROBECO BNYMILTD,1029566703.7527014,0.15378865332007574
2019-12-06,LPPI GEF WELLINGTON BNYMILTD,695851542.9967116,0.10394088242957156
2019-12-06,LPPI GF FT EGL BNYMILTD BRZEX650557,2865218.5236231326,0.00042798402144284675
2019-12-09,LPPI  GF BARON BNYMILTD BRZEX589145,20307146.36560641,0.0030040537543833093
2019-12-09,LPPI GEF BARON BNYMILTD,316740733.08559024,0.04685573104468415
2019-12-09,LPPI GEF CASH ONLY BNYMILTD,0.0,0.0
2019-12-09,LPPI GEF FIRST EAGLE BNYMILTD,849821857.6501684,0.12571488362120506
2019-12-09,LPPI GEF INTERNAL EQUITY BNYMILTD,2835592287.2760797,0.419471623591545
2019-12-09,LPPI GEF INTRNL INCUBATOR BNYMILTD,11332824.644065574,0.0016764745674671879
2019-12-09,LPPI GEF MAGELLAN BNYMILTD,996524085.0485401,0.1474166712115518
2019-12-09,LPPI GEF ROBECO BNYMILTD,1031593579.4230394,0.1526045318958313
2019-12-09,LPPI GEF WELLINGTON BNYMILTD,695113716.6978565,0.10282877430312823
2019-12-09,LPPI GF FT EGL BNYMILTD BRZEX650557,2888214.0747814593,0.000427256010204606
2019-12-10,LPPI  GF BARON BNYMILTD BRZEX589145,19860691.351123493,0.002945948120813932
2019-12-10,LPPI GEF BARON BNYMILTD,312892167.8270242,0.046411480724978714
2019-12-10,LPPI GEF CASH ONLY BNYMILTD,0.0,0.0
2019-12-10,LPPI GEF FIRST EAGLE BNYMILTD,843327448.2661952,0.1250912602954311
2019-12-10,LPPI GEF INTERNAL EQUITY BNYMILTD,2832700182.5015697,0.4201760971929971
2019-12-10,LPPI GEF INTRNL INCUBATOR BNYMILTD,11306615.354638975,0.0016771169577075376
2019-12-10,LPPI GEF MAGELLAN BNYMILTD,995381517.3274262,0.14764553049145354
2019-12-10,LPPI GEF ROBECO BNYMILTD,1029401965.9133387,0.15269180379629732
2019-12-10,LPPI GEF WELLINGTON BNYMILTD,693958775.8858179,0.10293531658088602
2019-12-10,LPPI GF FT EGL BNYMILTD BRZEX650557,2868227.1910853707,0.0004254458394353621
2019-12-11,LPPI  GF BARON BNYMILTD BRZEX589145,20273797.883208998,0.002999861437799121
2019-12-11,LPPI GEF BARON BNYMILTD,317208990.5323957,0.04693659391807555
2019-12-11,LPPI GEF CASH ONLY BNYMILTD,0.0,0.0
2019-12-11,LPPI GEF FIRST EAGLE BNYMILTD,850421526.7371973,0.12583467383020833
2019-12-11,LPPI GEF INTERNAL EQUITY BNYMILTD,2834193411.3464103,0.4193682688828644
2019-12-11,LPPI GEF INTRNL INCUBATOR BNYMILTD,11283695.359870525,0.0016696192189023964
2019-12-11,LPPI GEF MAGELLAN BNYMILTD,997223777.950885,0.1475566232614382
2019-12-11,LPPI GEF ROBECO BNYMILTD,1028347430.965782,0.15216190970163485
2019-12-11,LPPI GEF WELLINGTON BNYMILTD,696363285.0861073,0.10303907426043042
2019-12-11,LPPI GF FT EGL BNYMILTD BRZEX650557,2928857.6311050677,0.00043337548864648515
2019-12-12,LPPI  GF BARON BNYMILTD BRZEX589145,22254941.938239284,0.003278728356042851
2019-12-12,LPPI GEF BARON BNYMILTD,312518162.9505626,0.04604200565824962
2019-12-12,LPPI GEF CASH ONLY BNYMILTD,0.0,0.0
2019-12-12,LPPI GEF FIRST EAGLE BNYMILTD,857070027.3913671,0.12626857485051796
2019-12-12,LPPI GEF INTERNAL EQUITY BNYMILTD,2849137839.0847316,0.41975166905426786
2019-12-12,LPPI GEF INTRNL INCUBATOR BNYMILTD,11356822.221653106,0.0016731535474685472
2019-12-12,LPPI GEF MAGELLAN BNYMILTD,999968241.8788762,0.14732117652291563
2019-12-12,LPPI GEF ROBECO BNYMILTD,1032275345.0180702,0.15208084812565614
2019-12-12,LPPI GEF WELLINGTON BNYMILTD,700079832.0200759,0.1031398600413306
2019-12-12,LPPI GF FT EGL BNYMILTD BRZEX650557,3013617.9600022286,0.0004439838435507977
2019-12-13,LPPI  GF BARON BNYMILTD BRZEX589145,22309042.08324962,0.0033025752092472236
2019-12-13,LPPI GEF BARON BNYMILTD,323001464.9047687,0.04781633503421323
2019-12-13,LPPI GEF CASH ONLY BNYMILTD,0.0,0.0
2019-12-13,LPPI GEF FIRST EAGLE BNYMILTD,848524092.3827267,0.1256134002300469
2019-12-13,LPPI GEF INTERNAL EQUITY BNYMILTD,2835983209.6977696,0.4198319142183863
2019-12-13,LPPI GEF INTRNL INCUBATOR BNYMILTD,11268843.372413568,0.001668211598675772
2019-12-13,LPPI GEF MAGELLAN BNYMILTD,992216019.4496036,0.1468851964070929
2019-12-13,LPPI GEF ROBECO BNYMILTD,1021931695.5005955,0.15128423132243393
2019-12-13,LPPI GEF WELLINGTON BNYMILTD,696711721.1577206,0.10313947365830994
2019-12-13,LPPI GF FT EGL BNYMILTD BRZEX650557,3098284.3345327023,0.00045866232159333734
2019-12-16,LPPI  GF BARON BNYMILTD BRZEX589145,22610746.31386592,0.003331094062430115
2019-12-16,LPPI GEF BARON BNYMILTD,306813545.60619843,0.04520084237180565
2019-12-16,LPPI GEF CASH ONLY BNYMILTD,0.0,0.0
2019-12-16,LPPI GEF FIRST EAGLE BNYMILTD,852050756.7976633,0.1255270912980539
2019-12-16,LPPI GEF INTERNAL EQUITY BNYMILTD,2862316553.3416514,0.42168646462521836
2019-12-16,LPPI GEF INTRNL INCUBATOR BNYMILTD,11376185.686721655,0.0016759793802516802
2019-12-16,LPPI GEF MAGELLAN BNYMILTD,1001390073.4751884,0.14752828065140167
2019-12-16,LPPI GEF ROBECO BNYMILTD,1027575467.8625369,0.15138600434416613
2019-12-16,LPPI GEF WELLINGTON BNYMILTD,700679784.2392402,0.10322659130949674
2019-12-16,LPPI GF FT EGL BNYMILTD BRZEX650557,2970686.8650324866,0.00043765195717491214
2019-12-17,LPPI  GF BARON BNYMILTD BRZEX589145,23123653.023499474,0.0033574931119800776
2019-12-17,LPPI GEF BARON BNYMILTD,325193931.70928186,0.04721729670749046
2019-12-17,LPPI GEF CASH ONLY BNYMILTD,0.0,0.0
2019-12-17,LPPI GEF FIRST EAGLE BNYMILTD,864795706.3053231,0.12556604374920055
2019-12-17,LPPI GEF INTERNAL EQUITY BNYMILTD,2891201295.90512,0.4197947628121023
2019-12-17,LPPI GEF INTRNL INCUBATOR BNYMILTD,11207288.39074305,0.0016272685607959143
2019-12-17,LPPI GEF MAGELLAN BNYMILTD,1013284493.5430754,0.1471262219723548
2019-12-17,LPPI GEF ROBECO BNYMILTD,1042198994.6209426,0.15132453086873124
2019-12-17,LPPI GEF WELLINGTON BNYMILTD,712995302.3263195,0.10352502755520449
2019-12-17,LPPI GF FT EGL BNYMILTD BRZEX650557,3177431.72429277,0.00046135466214003315
2019-12-18,LPPI  GF BARON BNYMILTD BRZEX589145,23297458.138572127,0.003376250841950623
2019-12-18,LPPI GEF BARON BNYMILTD,332337934.2583551,0.04816217390231875
2019-12-18,LPPI GEF CASH ONLY BNYMILTD,0.0,0.0
2019-12-18,LPPI GEF FIRST EAGLE BNYMILTD,866764006.4387721,0.12561081509859323
2019-12-18,LPPI GEF INTERNAL EQUITY BNYMILTD,2883546176.855639,0.4178814336527887
2019-12-18,LPPI GEF INTRNL INCUBATOR BNYMILTD,11192618.067638723,0.0016220261433556131
2019-12-18,LPPI GEF MAGELLAN BNYMILTD,1019582348.8888971,0.1477571391436401
2019-12-18,LPPI GEF ROBECO BNYMILTD,1044408562.7714362,0.1513549361661657
2019-12-18,LPPI GEF WELLINGTON BNYMILTD,716086481.9019595,0.10377473684256301
2019-12-18,LPPI GF FT EGL BNYMILTD BRZEX650557,3177549.674457115,0.00046048820862408817
2019-12-19,LPPI  GF BARON BNYMILTD BRZEX589145,23267113.66933656,0.0033538218895182536
2019-12-19,LPPI GEF BARON BNYMILTD,332225873.55188775,0.04788846707922649
2019-12-19,LPPI GEF CASH ONLY BNYMILTD,0.0,0.0
2019-12-19,LPPI GEF FIRST EAGLE BNYMILTD,872042959.4988145,0.12570002483899836
2019-12-19,LPPI GEF INTERNAL EQUITY BNYMILTD,2892279685.5482025,0.41690564020342125
2019-12-19,LPPI GEF INTRNL INCUBATOR BNYMILTD,11282055.040982697,0.0016262439636018867
2019-12-19,LPPI GEF MAGELLAN BNYMILTD,1030914613.3203659,0.14860046869219928
2019-12-19,LPPI GEF ROBECO BNYMILTD,1052556613.6290184,0.15172003974856868
2019-12-19,LPPI GEF WELLINGTON BNYMILTD,719806506.749325,0.1037560074215424
2019-12-19,LPPI GF FT EGL BNYMILTD BRZEX650557,3116919.313888469,0.00044928616292265
2019-12-20,LPPI  GF BARON BNYMILTD BRZEX589145,23095928.71207291,0.0033288593273778813
2019-12-20,LPPI GEF BARON BNYMILTD,337006437.04314905,0.04857336699134561
2019-12-20,LPPI GEF CASH ONLY BNYMILTD,0.0,0.0
2019-12-20,LPPI GEF FIRST EAGLE BNYMILTD,872672420.8002211,0.12577990536521366
2019-12-20,LPPI GEF INTERNAL EQUITY BNYMILTD,2870574253.9307923,0.4137412268307384
2019-12-20,LPPI GEF INTRNL INCUBATOR BNYMILTD,11393375.281477535,0.001642148451741522
2019-12-20,LPPI GEF MAGELLAN BNYMILTD,1040201577.1826819,0.14992619546611732
2019-12-20,LPPI GEF ROBECO BNYMILTD,1056103921.587391,0.15221823005622756
2019-12-20,LPPI GEF WELLINGTON BNYMILTD,723974255.091131,0.10434776110915964
2019-12-20,LPPI GF FT EGL BNYMILTD BRZEX650557,3068762.0372801265,0.00044230640207869944
2019-12-23,LPPI  GF BARON BNYMILTD BRZEX589145,23149516.307022523,0.0033196109573280373
2019-12-23,LPPI GEF BARON BNYMILTD,339396933.0768413,0.048669085046223325
2019-12-23,LPPI GEF CASH ONLY BNYMILTD,0.0,0.0
2019-12-23,LPPI GEF FIRST EAGLE BNYMILTD,879115185.0256135,0.12606399037716415
2019-12-23,LPPI GEF INTERNAL EQUITY BNYMILTD,2886197262.8639836,0.413876986963525
2019-12-23,LPPI GEF INTRNL INCUBATOR BNYMILTD,11445414.996687638,0.0016412578358125415
2019-12-23,LPPI GEF MAGELLAN BNYMILTD,1044891740.4808136,0.14983613587941122
2019-12-23,LPPI GEF ROBECO BNYMILTD,1058395395.0554951,0.15177254263174095
2019-12-23,LPPI GEF WELLINGTON BNYMILTD,727852084.4735522,0.10437305569963438
2019-12-23,LPPI GF FT EGL BNYMILTD BRZEX650557,3119516.1007003593,0.00044733460916005093
2019-12-24,LPPI GEF BARON BNYMILTD,321902563.5518869,0.05222461621602574
2019-12-24,LPPI GEF CASH ONLY BNYMILTD,0.0,0.0
2019-12-24,LPPI GEF FIRST EAGLE BNYMILTD,836952331.4605253,0.13578492143504922
2019-12-24,LPPI GEF INTERNAL EQUITY BNYMILTD,2469241383.7791815,0.4006031582653427
2019-12-24,LPPI GEF INTRNL INCUBATOR BNYMILTD,10148773.367278682,0.0016465100132205693
2019-12-24,LPPI GEF MAGELLAN BNYMILTD,918121101.1639498,0.1489535268655712
2019-12-24,LPPI GEF ROBECO BNYMILTD,933465870.3201604,0.15144302142337837
2019-12-24,LPPI GEF WELLINGTON BNYMILTD,673977054.8257854,0.10934424578141158
2019-12-26,LPPI  GF BARON BNYMILTD BRZEX589145,23564823.753582206,0.005181236995227622
2019-12-26,LPPI GEF BARON BNYMILTD,237428043.40494135,0.05220369882915791
2019-12-26,LPPI GEF CASH ONLY BNYMILTD,0.0,0.0
2019-12-26,LPPI GEF FIRST EAGLE BNYMILTD,649219321.7028437,0.14274493214115447
2019-12-26,LPPI GEF INTERNAL EQUITY BNYMILTD,1781711890.1985686,0.39174795690676184
2019-12-26,LPPI GEF INTRNL INCUBATOR BNYMILTD,7493337.928115138,0.0016475726742912944
2019-12-26,LPPI GEF MAGELLAN BNYMILTD,772903493.2425153,0.16993957666753287
2019-12-26,LPPI GEF ROBECO BNYMILTD,637145690.5276486,0.14009028277200122
2019-12-26,LPPI GEF WELLINGTON BNYMILTD,435450995.73809457,0.09574333473994046
2019-12-26,LPPI GF FT EGL BNYMILTD BRZEX650557,3190080.3552788896,0.0007014082739323383
2019-12-27,LPPI  GF BARON BNYMILTD BRZEX589145,23293082.785011057,0.00336119010084672
2019-12-27,LPPI GEF BARON BNYMILTD,334340820.56675315,0.048245355360222515
2019-12-27,LPPI GEF CASH ONLY BNYMILTD,0.0,0.0
2019-12-27,LPPI GEF FIRST EAGLE BNYMILTD,874200918.2429011,0.1261471270105975
2019-12-27,LPPI GEF INTERNAL EQUITY BNYMILTD,2873034357.90425,0.4145786426086277
2019-12-27,LPPI GEF INTRNL INCUBATOR BNYMILTD,11372898.067088023,0.001641108339065945
2019-12-27,LPPI GEF MAGELLAN BNYMILTD,1042030031.6231136,0.1503648554982346
2019-12-27,LPPI GEF ROBECO BNYMILTD,1045799439.670924,0.15090878079714373
2019-12-27,LPPI GEF WELLINGTON BNYMILTD,722821058.3905431,0.10430302457471341
2019-12-27,LPPI GF FT EGL BNYMILTD BRZEX650557,3117920.6107447227,0.00044991571054754854
2019-12-30,LPPI  GF BARON BNYMILTD BRZEX589145,22945909.143127963,0.003336177556425269
2019-12-30,LPPI GEF BARON BNYMILTD,324346052.8537302,0.04715768790402485
2019-12-30,LPPI GEF CASH ONLY BNYMILTD,0.0,0.0
2019-12-30,LPPI GEF FIRST EAGLE BNYMILTD,870122852.7051214,0.12650988524448756
2019-12-30,LPPI GEF INTERNAL EQUITY BNYMILTD,2847543971.6934366,0.41401333152854525
2019-12-30,LPPI GEF INTRNL INCUBATOR BNYMILTD,11280047.361902153,0.0016400413951548505
2019-12-30,LPPI GEF MAGELLAN BNYMILTD,1033291656.5771152,0.15023350839626542
2019-12-30,LPPI GEF ROBECO BNYMILTD,1046609101.5400788,0.15216977340617346
2019-12-30,LPPI GEF WELLINGTON BNYMILTD,718698818.4075173,0.10449387090502818
2019-12-30,LPPI GF FT EGL BNYMILTD BRZEX650557,3065644.595260663,0.00044572366389536064
2019-12-31,LPPI GEF BARON BNYMILTD,1750363790.1348217,0.050423697509733974
2019-12-31,LPPI GEF CASH ONLY BNYMILTD,0.0,0.0
2019-12-31,LPPI GEF FIRST EAGLE BNYMILTD,4031037023.501008,0.11612431236817186
2019-12-31,LPPI GEF INTERNAL EQUITY BNYMILTD,14513475035.831299,0.41809770011607944
2019-12-31,LPPI GEF INTRNL INCUBATOR BNYMILTD,59473821.90858388,0.001713295271856163
2019-12-31,LPPI GEF MAGELLAN BNYMILTD,5405666654.891957,0.1557240282168615
2019-12-31,LPPI GEF ROBECO BNYMILTD,5258522676.592633,0.15148517027546607
2019-12-31,LPPI GEF WELLINGTON BNYMILTD,3694579562.0154877,0.10643179624183444
2020-01-01,LPPI GEF BARON BNYMILTD,291716126.01880395,0.05040685497922392
2020-01-01,LPPI GEF CASH ONLY BNYMILTD,0.0,0.0
2020-01-01,LPPI GEF FIRST EAGLE BNYMILTD,672079065.3552655,0.11613136525661763
2020-01-01,LPPI GEF INTERNAL EQUITY BNYMILTD,2419472380.123433,0.4180707973040141
2020-01-01,LPPI GEF INTRNL INCUBATOR BNYMILTD,9914925.458957575,0.0017132416248640087
2020-01-01,LPPI GEF MAGELLAN BNYMILTD,901209978.0941945,0.15572385829878804
2020-01-01,LPPI GEF ROBECO BNYMILTD,876757487.4684292,0.15149860971320134
2020-01-01,LPPI GEF WELLINGTON BNYMILTD,616081280.9107963,0.10645527282329
2020-01-02,LPPI  GF BARON BNYMILTD BRZEX589145,23884716.738505747,0.003811278708447789
2020-01-02,LPPI GEF BARON BNYMILTD,332469474.6611653,0.05305207693512694
2020-01-02,LPPI GEF CASH ONLY BNYMILTD,0.0,0.0
2020-01-02,LPPI GEF FIRST EAGLE BNYMILTD,731547548.4638212,0.11673287258133785
2020-01-02,LPPI GEF INTERNAL EQUITY BNYMILTD,2619958639.2211833,0.4180661922014586
2020-01-02,LPPI GEF INTRNL INCUBATOR BNYMILTD,11363363.782331737,0.001813249322321967
2020-01-02,LPPI GEF MAGELLAN BNYMILTD,960050225.5622315,0.1531949917508104
2020-01-02,LPPI GEF ROBECO BNYMILTD,933265956.3176605,0.14892103212169763
2020-01-02,LPPI GEF WELLINGTON BNYMILTD,651181091.3744255,0.10390881566948021
2020-01-02,LPPI GF FT EGL BNYMILTD BRZEX650557,3130233.9761040537,0.0004994907093183979
2020-01-03,LPPI  GF BARON BNYMILTD BRZEX589145,23414745.28607176,0.003481669884906468
2020-01-03,LPPI GEF BARON BNYMILTD,333066247.57160807,0.04952548958705406
2020-01-03,LPPI GEF CASH ONLY BNYMILTD,0.0,0.0
2020-01-03,LPPI GEF FIRST EAGLE BNYMILTD,751184118.9616334,0.11169778244670767
2020-01-03,LPPI GEF INTERNAL EQUITY BNYMILTD,2866214829.559328,0.42619356878868825
2020-01-03,LPPI GEF INTRNL INCUBATOR BNYMILTD,11360635.042276917,0.0016892765826343333
2020-01-03,LPPI GEF MAGELLAN BNYMILTD,1043812702.8400851,0.15521036887481993
2020-01-03,LPPI GEF ROBECO BNYMILTD,1013650694.3361001,0.15072541055502625
2020-01-03,LPPI GEF WELLINGTON BNYMILTD,679368802.0588784,0.10101915993424877
2020-01-03,LPPI GF FT EGL BNYMILTD BRZEX650557,3075230.9307444827,0.00045727334591484826
2020-01-06,LPPI  GF BARON BNYMILTD BRZEX589145,22672737.016471293,0.003389404812591016
2020-01-06,LPPI GEF BARON BNYMILTD,331102716.6148651,0.049497382708629196
2020-01-06,LPPI GEF CASH ONLY BNYMILTD,0.0,0.0
2020-01-06,LPPI GEF FIRST EAGLE BNYMILTD,857934759.6896387,0.12825483757292538
2020-01-06,LPPI GEF INTERNAL EQUITY BNYMILTD,2680868426.5675173,0.40076980297217984
2020-01-06,LPPI GEF INTRNL INCUBATOR BNYMILTD,11320776.005392497,0.0016923714436005977
2020-01-06,LPPI GEF MAGELLAN BNYMILTD,1040632336.5654181,0.15556676051639803
2020-01-06,LPPI GEF ROBECO BNYMILTD,1022570615.0130349,0.15286666807017715
2020-01-06,LPPI GEF WELLINGTON BNYMILTD,719215039.6237029,0.1075172756962456
2020-01-06,LPPI GF FT EGL BNYMILTD BRZEX650557,2980056.6492792643,0.0004454962072520445
2020-01-07,LPPI  GF BARON BNYMILTD BRZEX589145,22780799.78646087,0.0033029155934938244
2020-01-07,LPPI GEF BARON BNYMILTD,333625463.25064117,0.04837129316294017
2020-01-07,LPPI GEF CASH ONLY BNYMILTD,0.0,0.0
2020-01-07,LPPI GEF FIRST EAGLE BNYMILTD,873132425.3379536,0.12659268901295398
2020-01-07,LPPI GEF INTERNAL EQUITY BNYMILTD,2846746345.8473573,0.4127406844604705
2020-01-07,LPPI GEF INTRNL INCUBATOR BNYMILTD,11351773.522995764,0.0016458574823697155
2020-01-07,LPPI GEF MAGELLAN BNYMILTD,1041145854.6525966,0.15095242092761293
2020-01-07,LPPI GEF ROBECO BNYMILTD,1044249776.4294217,0.15140244865858635
2020-01-07,LPPI GEF WELLINGTON BNYMILTD,721247637.2664543,0.1045713974148421
2020-01-07,LPPI GF FT EGL BNYMILTD BRZEX650557,2898837.9949799576,0.00042029328673184163
2020-01-08,LPPI  GF BARON BNYMILTD BRZEX589145,22800781.826894168,0.003291456237513833
2020-01-08,LPPI GEF BARON BNYMILTD,335393555.75842357,0.048416463062722105
2020-01-08,LPPI GEF CASH ONLY BNYMILTD,0.0,0.0
2020-01-08,LPPI GEF FIRST EAGLE BNYMILTD,870608538.7638127,0.1256785809847509
2020-01-08,LPPI GEF INTERNAL EQUITY BNYMILTD,2865451114.3886046,0.4136484009781019
2020-01-08,LPPI GEF INTRNL INCUBATOR BNYMILTD,11413772.842126418,0.0016476598960510447
2020-01-08,LPPI GEF MAGELLAN BNYMILTD,1048417771.0557777,0.15134661777218306
2020-01-08,LPPI GEF ROBECO BNYMILTD,1046985303.6332781,0.1511398308352869
2020-01-08,LPPI GEF WELLINGTON BNYMILTD,723349054.3201118,0.1044206192058449
2020-01-08,LPPI GF FT EGL BNYMILTD BRZEX650557,2842747.8878532774,0.00041037102754596587
2020-01-09,LPPI  GF BARON BNYMILTD BRZEX589145,22652894.388241675,0.0032417745456997764
2020-01-09,LPPI GEF BARON BNYMILTD,340709772.58299637,0.04875775471782655
2020-01-09,LPPI GEF CASH ONLY BNYMILTD,0.0,0.0
2020-01-09,LPPI GEF FIRST EAGLE BNYMILTD,873145081.4422343,0.12495266393823949
2020-01-09,LPPI GEF INTERNAL EQUITY BNYMILTD,2892842153.418214,0.4139842748989398
2020-01-09,LPPI GEF INTRNL INCUBATOR BNYMILTD,11562944.152368972,0.0016547315051252205
2020-01-09,LPPI GEF MAGELLAN BNYMILTD,1061119902.4088758,0.1518530670124901
2020-01-09,LPPI GEF ROBECO BNYMILTD,1052638460.3397096,0.15063931822880613
2020-01-09,LPPI GEF WELLINGTON BNYMILTD,730480188.8317524,0.10453640235580289
2020-01-09,LPPI GF FT EGL BNYMILTD BRZEX650557,2655456.0278250463,0.0003800127970709379
2020-01-10,LPPI  GF BARON BNYMILTD BRZEX589145,22555280.88053842,0.0032280976845926452
2020-01-10,LPPI GEF BARON BNYMILTD,340696041.4109306,0.04876020424012789
2020-01-10,LPPI GEF CASH ONLY BNYMILTD,0.0,0.0
2020-01-10,LPPI GEF FIRST EAGLE BNYMILTD,873255323.9702535,0.12497975548594828
2020-01-10,LPPI GEF INTERNAL EQUITY BNYMILTD,2891861903.9999595,0.413881465981598
2020-01-10,LPPI GEF INTRNL INCUBATOR BNYMILTD,11540775.035821574,0.0016517085009429028
2020-01-10,LPPI GEF MAGELLAN BNYMILTD,1062752387.603973,0.15210045664648789
2020-01-10,LPPI GEF ROBECO BNYMILTD,1053355060.7969695,0.15075551711468968
2020-01-10,LPPI GEF WELLINGTON BNYMILTD,728484563.0423207,0.10426025477906906
2020-01-10,LPPI GF FT EGL BNYMILTD BRZEX650557,2672870.5926341373,0.00038253956654305535
2020-01-13,LPPI  GF BARON BNYMILTD BRZEX589145,22274131.443423375,0.0032534791988618754
2020-01-13,LPPI GEF BARON BNYMILTD,339100221.6045139,0.049530798546377604
2020-01-13,LPPI GEF CASH ONLY BNYMILTD,0.0,0.0
2020-01-13,LPPI GEF FIRST EAGLE BNYMILTD,757874772.7496209,0.11069925733113557
2020-01-13,LPPI GEF INTERNAL EQUITY BNYMILTD,2918761447.549219,0.4263299639836315
2020-01-13,LPPI GEF INTRNL INCUBATOR BNYMILTD,11726013.455527322,0.0017127644667104096
2020-01-13,LPPI GEF MAGELLAN BNYMILTD,1078328631.3366327,0.15750646800761298
2020-01-13,LPPI GEF ROBECO BNYMILTD,1025832823.4683876,0.14983864853009016
2020-01-13,LPPI GEF WELLINGTON BNYMILTD,689686775.0206894,0.1007393523720301
2020-01-13,LPPI GF FT EGL BNYMILTD BRZEX650557,2665022.994523345,0.00038926756354983955
2020-01-14,LPPI  GF BARON BNYMILTD BRZEX589145,22378307.52890012,0.0031767800751147336
2020-01-14,LPPI GEF BARON BNYMILTD,348929382.7556282,0.04953332191581706
2020-01-14,LPPI GEF CASH ONLY BNYMILTD,0.0,0.0
2020-01-14,LPPI GEF FIRST EAGLE BNYMILTD,877103042.4732217,0.12451180526288845
2020-01-14,LPPI GEF INTERNAL EQUITY BNYMILTD,2912822059.023311,0.41349843224335764
2020-01-14,LPPI GEF INTRNL INCUBATOR BNYMILTD,11709826.76361495,0.0016623037420348452
2020-01-14,LPPI GEF MAGELLAN BNYMILTD,1072936329.8907104,0.1523119096590171
2020-01-14,LPPI GEF ROBECO BNYMILTD,1063538178.9780953,0.15097776682790442
2020-01-14,LPPI GEF WELLINGTON BNYMILTD,732229786.1181142,0.10394588562792337
2020-01-14,LPPI GF FT EGL BNYMILTD BRZEX650557,2689489.923056908,0.0003817946459425107
2020-01-15,LPPI  GF BARON BNYMILTD BRZEX589145,21597324.206407525,0.0030563599173463927
2020-01-15,LPPI GEF BARON BNYMILTD,345666874.0506644,0.04891728107176518
2020-01-15,LPPI GEF CASH ONLY BNYMILTD,0.0,0.0
2020-01-15,LPPI GEF FIRST EAGLE BNYMILTD,875702671.68298,0.12392565484806453
2020-01-15,LPPI GEF INTERNAL EQUITY BNYMILTD,2931124834.415339,0.4148001100056545
2020-01-15,LPPI GEF INTRNL INCUBATOR BNYMILTD,11724668.528742084,0.001659224383212643
2020-01-15,LPPI GEF MAGELLAN BNYMILTD,1079096850.9857473,0.15270911946161664
2020-01-15,LPPI GEF ROBECO BNYMILTD,1065070901.9076347,0.15072422780766043
2020-01-15,LPPI GEF WELLINGTON BNYMILTD,733790600.5675601,0.10384287228669059
2020-01-15,LPPI GF FT EGL BNYMILTD BRZEX650557,2580281.071349842,0.0003651502179895765
2020-01-16,LPPI  GF BARON BNYMILTD BRZEX589145,21154634.76521104,0.0029884661565024928
2020-01-16,LPPI GEF BARON BNYMILTD,346326737.0167067,0.04892477436520952
2020-01-16,LPPI GEF CASH ONLY BNYMILTD,0.0,0.0
2020-01-16,LPPI GEF FIRST EAGLE BNYMILTD,874715142.4412167,0.12356897808818093
2020-01-16,LPPI GEF INTERNAL EQUITY BNYMILTD,2934615613.5136952,0.4145663369122217
2020-01-16,LPPI GEF INTRNL INCUBATOR BNYMILTD,11743112.375176717,0.0016589222312140034
2020-01-16,LPPI GEF MAGELLAN BNYMILTD,1082097435.7460208,0.15286539335971625
2020-01-16,LPPI GEF ROBECO BNYMILTD,1069606476.9865029,0.15110082460542723
2020-01-16,LPPI GEF WELLINGTON BNYMILTD,735923861.6142684,0.10396225595979582
2020-01-16,LPPI GF FT EGL BNYMILTD BRZEX650557,2577010.7071076194,0.0003640483217323393
