yyyymmdd,security_name,positions,mkt_val_gbp,weight_in_total
2019-10-01,Accenture PLC,1061355.0,163594647.2931231,0.023804449179944565
2019-10-01,Alphabet Inc,180952.0,177333543.3262884,0.025803578478007936
2019-10-01,Apple Inc,825929.0,150784745.6592424,0.021940496676062002
2019-10-01,British American Tobacco PLC,5628884.0,168106620.65999997,0.024460980689319928
2019-10-01,Colgate-Palmolive Co,2870296.0,167360048.83758742,0.024352347972419624
2019-10-01,Nestle SA,2673801.0,232688931.9208115,0.03385827070930932
2019-10-01,Not Available,32719046.0,382893455.25669086,0.0557143399726283
2019-10-01,PepsiCo Inc,1168627.0,130494465.11949277,0.018988083746011374
2019-10-01,Starbucks Corp,2248104.0,158090942.15574706,0.023003612041249413
2019-10-01,Visa Inc,1528695.0,216579622.45976266,0.03151422556642366
2019-10-02,Accenture PLC,1061355.0,159466367.34942698,0.023360255807507186
2019-10-02,Alphabet Inc,180952.0,173163639.06364304,0.025366771516289147
2019-10-02,Apple Inc,825929.0,146992939.80330002,0.02153302124314637
2019-10-02,British American Tobacco PLC,5628884.0,163068769.48000002,0.02388797232033962
2019-10-02,Colgate-Palmolive Co,2870296.0,164523509.64805332,0.024101077459837257
2019-10-02,Nestle SA,2673801.0,229506885.15045258,0.03362050340653233
2019-10-02,Not Available,39926037.0,386831187.06654835,0.05666696767723613
2019-10-02,PepsiCo Inc,1168627.0,127225798.89457855,0.018637329343430986
2019-10-02,Starbucks Corp,2248104.0,154076346.64715922,0.022570670740100267
2019-10-02,Visa Inc,1528695.0,211020297.36649597,0.03091239995613592
2019-10-03,Accenture PLC,1061355.0,159917590.45572495,0.02332162504384113
2019-10-03,Alphabet Inc,180952.0,174425113.00681153,0.02543733351773278
2019-10-03,Apple Inc,825929.0,147892995.28057086,0.02156801495517133
2019-10-03,British American Tobacco PLC,5628884.0,156989574.76000002,0.022894617083156002
2019-10-03,Colgate-Palmolive Co,2870296.0,164951246.77262405,0.024055709673854273
2019-10-03,Nestle SA,2670365.0,230034202.2891469,0.0335471000892293
2019-10-03,Not Available,38263151.0,382030917.6768964,0.05571358217582596
2019-10-03,PepsiCo Inc,1168627.0,130707689.02854364,0.01906179117121355
2019-10-03,Starbucks Corp,2248104.0,154352064.28803116,0.02250997503032635
2019-10-03,Visa Inc,1528695.0,214292494.85079467,0.031251403928595003
2019-10-04,Accenture PLC,1061355.0,163227120.4281891,0.023359418221483276
2019-10-04,Alphabet Inc,180952.0,177575209.73157084,0.025412771964645937
2019-10-04,Apple Inc,825929.0,152051043.94615194,0.021760010942016846
2019-10-04,British American Tobacco PLC,5628884.0,157693185.26000002,0.022567457267536443
2019-10-04,Colgate-Palmolive Co,2870296.0,167757872.6137377,0.02400781375086892
2019-10-04,Nestle SA,2666580.0,232057837.58247128,0.03320977583530189
2019-10-04,Not Available,40481692.0,388243011.23045504,0.05556142169946653
2019-10-04,PepsiCo Inc,1168627.0,132945418.50620387,0.01902580663905542
2019-10-04,Starbucks Corp,2248104.0,156643496.61827913,0.022417236422373116
2019-10-04,Visa Inc,1528695.0,218165392.993269,0.031221629365360767
2019-10-07,Accenture PLC,1061355.0,161288316.56227124,0.02353169193355638
2019-10-07,Alphabet Inc,180952.0,177816162.77556333,0.02594307667428697
2019-10-07,Apple Inc,825929.0,152554656.09696576,0.022257465678968982
2019-10-07,British American Tobacco PLC,5628884.0,158959684.15999997,0.02319194841409576
2019-10-07,Colgate-Palmolive Co,2870296.0,167225737.83454,0.02439795163070456
2019-10-07,Nestle SA,2661910.0,234688720.0458003,0.03424068635663526
2019-10-07,Not Available,30148580.0,369953831.4350715,0.053975636775946016
2019-10-07,PepsiCo Inc,1168627.0,131512128.18677294,0.019187396532982567
2019-10-07,Starbucks Corp,2248104.0,156999697.71414626,0.02290598971466343
2019-10-07,Visa Inc,1528695.0,217496750.58976653,0.03173240716076243
2019-10-08,Accenture PLC,1061355.0,158260807.75840902,0.022925272060008682
2019-10-08,Alphabet Inc,180952.0,176181335.42843115,0.02552119570094778
2019-10-08,Apple Inc,825929.0,151680552.90940338,0.02197207249800512
2019-10-08,British American Tobacco PLC,5628884.0,158002773.88,0.022887893905890726
2019-10-08,Colgate-Palmolive Co,2870296.0,166030379.96562734,0.02405075321458656
2019-10-08,Nestle SA,2661075.0,234878137.8770397,0.034023870394995236
2019-10-08,Not Available,38939347.0,375681326.6089346,0.05442027462365953
2019-10-08,PepsiCo Inc,1168627.0,131256542.66306572,0.019013500517452233
2019-10-08,Starbucks Corp,2248104.0,156221057.8934446,0.022629798902434134
2019-10-08,Visa Inc,1528695.0,215711262.70562238,0.031247403914957193
2019-10-09,Accenture PLC,1061355.0,160290169.3429461,0.022983288200510682
2019-10-09,Alphabet Inc,180952.0,178247948.63182044,0.025558173600714572
2019-10-09,Apple Inc,825929.0,153621711.34687862,0.02202712792814421
2019-10-09,British American Tobacco PLC,5628884.0,158678239.96,0.022752160878610754
2019-10-09,Colgate-Palmolive Co,2870296.0,166089633.3606423,0.023814847325275373
2019-10-09,Nestle SA,2661075.0,235416259.8716683,0.033755281249598215
2019-10-09,Not Available,39885176.0,377494308.55178994,0.05412721518145992
2019-10-09,PepsiCo Inc,1168627.0,131980363.71456662,0.018924072190417182
2019-10-09,Starbucks Corp,2248104.0,158118735.37604457,0.022671936026673375
2019-10-09,Visa Inc,1528695.0,219021941.34032446,0.03140457347256241
2019-10-10,Accenture PLC,1061355.0,156802129.43020174,0.022717527518440115
2019-10-10,Alphabet Inc,180952.0,175835145.41509283,0.025475035123514723
2019-10-10,Apple Inc,825929.0,152726837.26593265,0.022127098279858398
2019-10-10,British American Tobacco PLC,5628884.0,158171640.4,0.022915942573492328
2019-10-10,Colgate-Palmolive Co,2870296.0,163249094.20557743,0.023651565214402693
2019-10-10,Nestle SA,2661075.0,230746658.2002903,0.03343062735501044
2019-10-10,Not Available,38064240.0,366010886.75300574,0.053027738985912946
2019-10-10,PepsiCo Inc,1168627.0,129504120.41308364,0.018762585877669512
2019-10-10,Starbucks Corp,2248104.0,155305810.36727476,0.02250074047854509
2019-10-10,Visa Inc,1528695.0,214850262.47689465,0.03112755399368211
2019-10-11,Accenture PLC,1061355.0,154972240.56678244,0.02264248925040393
2019-10-11,Alphabet Inc,180952.0,173637704.5468898,0.025369639390181754
2019-10-11,Apple Inc,825929.0,154004333.03599623,0.022501071434019145
2019-10-11,British American Tobacco PLC,5628884.0,152542756.4,0.022287525232788836
2019-10-11,Colgate-Palmolive Co,2870296.0,159760475.97095045,0.023342082727730973
2019-10-11,Nestle SA,2661075.0,225247394.7681332,0.03291016311092906
2019-10-11,Not Available,35644478.0,357128943.56914836,0.052178946604878644
2019-10-11,PepsiCo Inc,1168627.0,126973334.6068835,0.01855166030644937
2019-10-11,Starbucks Corp,2248104.0,153257231.9545311,0.02239191492867231
2019-10-11,Visa Inc,1528695.0,213664932.66498265,0.031217887302664005
2019-10-14,Accenture PLC,1061355.0,156155895.06662437,0.02433231166528751
2019-10-14,Alphabet Inc,180952.0,174736077.20494926,0.027227487555987244
2019-10-14,Apple Inc,816235.0,152700943.40894672,0.02379395888336245
2019-10-14,British American Tobacco PLC,5628884.0,152936778.28,0.023830706824140242
2019-10-14,Colgate-Palmolive Co,2870296.0,158016533.4390863,0.024622237529154642
2019-10-14,Nestle SA,2661075.0,224475952.04008588,0.03497798673608265
2019-10-14,Not Available,26984711.0,142234202.43693405,0.022163024595917288
2019-10-14,PepsiCo Inc,1168627.0,127401476.1659264,0.01985177968058399
2019-10-14,Starbucks Corp,2248104.0,154450165.35532996,0.02406652376830002
2019-10-14,Visa Inc,1528695.0,215045483.1852792,0.03350852503419146
2019-10-15,Accenture PLC,1061355.0,155214972.23742864,0.022760347223349544
2019-10-15,Alphabet Inc,180952.0,175840888.073825,0.025784881515813634
2019-10-15,Apple Inc,816235.0,150212262.61046377,0.022026762012296967
2019-10-15,British American Tobacco PLC,5628884.0,151811001.48000002,0.02226119720411885
2019-10-15,Colgate-Palmolive Co,2870296.0,153537378.9004458,0.022514349003597264
2019-10-15,Nestle SA,2661075.0,220762948.70790917,0.03237214357746651
2019-10-15,Not Available,35516830.0,354415920.1578016,0.051970691280575465
2019-10-15,PepsiCo Inc,1168627.0,124594446.63329947,0.01827022758562953
2019-10-15,Starbucks Corp,2248104.0,151989200.59435365,0.02228732789021902
2019-10-15,Visa Inc,1528695.0,213696904.08227104,0.03133599592458934
2019-10-16,Accenture PLC,1061355.0,154314995.59694517,0.022686934760632688
2019-10-16,Alphabet Inc,180952.0,175323263.09226933,0.025775508183174232
2019-10-16,Apple Inc,816235.0,149081200.86502495,0.021917477721319738
2019-10-16,British American Tobacco PLC,5628884.0,151613990.54,0.022289840976726524
2019-10-16,Colgate-Palmolive Co,2870296.0,151768690.46134663,0.022312584502133692
2019-10-16,Nestle SA,2661075.0,221047630.40413535,0.032497769582092
2019-10-16,Not Available,37675792.0,359378203.9326285,0.05283472183292014
2019-10-16,PepsiCo Inc,1168627.0,124239475.7948878,0.01826532069129399
2019-10-16,Starbucks Corp,2248104.0,151911703.4289277,0.022333609846124952
2019-10-16,Visa Inc,1528695.0,211899142.49532422,0.031152785917071282
2019-10-17,Accenture PLC,1061355.0,153172356.0623691,0.022552195748715947
2019-10-17,Alphabet Inc,180952.0,175873385.85059345,0.02589456169935136
2019-10-17,Apple Inc,816235.0,148975076.25475138,0.02193421298559265
2019-10-17,British American Tobacco PLC,5628884.0,150966668.88,0.02222744335620873
2019-10-17,Colgate-Palmolive Co,2870296.0,151586185.46272594,0.022318657329815833
2019-10-17,Nestle SA,2661075.0,217215261.46356788,0.03198149602229948
2019-10-17,Not Available,37672039.0,358391236.2716372,0.05276741523601826
2019-10-17,PepsiCo Inc,1168627.0,124160386.25397564,0.018280644151583668
2019-10-17,Starbucks Corp,2248104.0,150483976.54177338,0.02215637457866991
2019-10-17,Visa Inc,1528695.0,211012325.11054227,0.031068212199771485
2019-10-18,Accenture PLC,1061355.0,152925364.60258782,0.022692041238567624
2019-10-18,Alphabet Inc,180952.0,173494564.63339496,0.025744230367273642
2019-10-18,Apple Inc,816235.0,148618389.05576092,0.02205294472912929
2019-10-18,British American Tobacco PLC,5628884.0,149925325.34000003,0.02224687627302461
2019-10-18,Colgate-Palmolive Co,2870296.0,150389892.85274184,0.022315811764430052
2019-10-18,Nestle SA,2661075.0,214718352.11267608,0.03186127895447685
2019-10-18,Not Available,35156502.0,350018700.1549412,0.05193800779109836
2019-10-18,PepsiCo Inc,1168627.0,122632030.76863833,0.018196923097766767
2019-10-18,Starbucks Corp,2248104.0,148955935.8595194,0.022103032077364426
2019-10-18,Visa Inc,1528695.0,206875383.89556375,0.030697489293566166
2019-10-21,Accenture PLC,1061355.0,153421485.8796296,0.02284086072104704
2019-10-21,Alphabet Inc,180952.0,173846727.3611111,0.02588170010020869
2019-10-21,Apple Inc,816235.0,151475833.2175926,0.022551198675276024
2019-10-21,British American Tobacco PLC,5628884.0,149052848.32,0.022190473055537643
2019-10-21,Colgate-Palmolive Co,2870296.0,151266370.9876543,0.022520014662209605
2019-10-21,Nestle SA,2661075.0,212477789.38718006,0.03163295913791513
2019-10-21,Not Available,36722206.0,355581922.31322116,0.052937807999399754
2019-10-21,PepsiCo Inc,1168627.0,122741903.73456791,0.01827339053434148
2019-10-21,Starbucks Corp,2248104.0,148052219.44444448,0.022041502885883874
2019-10-21,Visa Inc,1528695.0,208107761.45833337,0.030982364479040653
2019-10-22,Accenture PLC,1061355.0,150660958.35922936,0.022926184307552704
2019-10-22,Alphabet Inc,180207.0,173866455.25170916,0.026457381138498277
2019-10-22,Apple Inc,816235.0,152162640.304537,0.023154696308434572
2019-10-22,British American Tobacco PLC,5628884.0,150178625.12,0.022852787318308383
2019-10-22,Colgate-Palmolive Co,2870296.0,149535464.38781855,0.02275491709601619
2019-10-22,Nestle SA,2654707.0,213635445.944885,0.03250905650474119
2019-10-22,Not Available,29534139.0,157102170.85624138,0.023906348156759776
2019-10-22,PepsiCo Inc,1168627.0,124071291.03480424,0.01888001587483386
2019-10-22,Starbucks Corp,2248104.0,145763486.51336232,0.02218093256216236
2019-10-22,Visa Inc,1528695.0,202915496.97016782,0.030877794307563808
2019-10-23,Accenture PLC,1061355.0,151303914.8466543,0.022457584491644908
2019-10-23,Alphabet Inc,180207.0,175614702.5325279,0.02606596150599564
2019-10-23,Apple Inc,816235.0,153726786.9423792,0.022817204101338
2019-10-23,British American Tobacco PLC,5628884.0,152908633.85999998,0.022695768102849446
2019-10-23,Colgate-Palmolive Co,2870296.0,150139243.9900868,0.022284715903328277
2019-10-23,Nestle SA,2654707.0,212700279.44969904,0.03157046201996356
2019-10-23,Not Available,34815911.0,349671462.9306496,0.051900682352078516
2019-10-23,PepsiCo Inc,1168627.0,124401937.07403965,0.018464604935014447
2019-10-23,Starbucks Corp,2248104.0,144058337.1747212,0.0213821452148547
2019-10-23,Visa Inc,1528695.0,202831495.8178439,0.030105668181239893
2019-10-24,Accenture PLC,1061355.0,152790191.42479187,0.022461114613682002
2019-10-24,Alphabet Inc,180207.0,176679483.16084352,0.025972990047042288
2019-10-24,Apple Inc,810419.0,153608170.58594662,0.022581362670962196
2019-10-24,British American Tobacco PLC,5628884.0,155385342.82,0.022842618114555086
2019-10-24,Colgate-Palmolive Co,2870296.0,152638727.445335,0.022438848460529758
2019-10-24,Nestle SA,2654707.0,216548480.3481807,0.03183398221549664
2019-10-24,Not Available,37068339.0,356142430.2349716,0.05235516671396068
2019-10-24,PepsiCo Inc,1168627.0,125392558.5790989,0.018433491074813683
2019-10-24,Starbucks Corp,2248104.0,145511859.55956736,0.021391154266772624
2019-10-24,Visa Inc,1528695.0,209551716.75356004,0.03080541416699747
2019-10-25,Accenture PLC,1061355.0,151479114.25118887,0.02228293946815448
2019-10-25,Alphabet Inc,180207.0,177673731.9638263,0.026136230291562933
2019-10-25,Apple Inc,810419.0,155791001.0290793,0.022917228310812623
2019-10-25,British American Tobacco PLC,5628884.0,152486467.56,0.02243112354563767
2019-10-25,Colgate-Palmolive Co,2870296.0,153080961.53426367,0.02251857502901995
2019-10-25,Nestle SA,2654707.0,217819978.648691,0.03204183905600959
2019-10-25,Not Available,34251484.0,340016697.00312084,0.050017268155651995
2019-10-25,PepsiCo Inc,1168627.0,124488339.65853278,0.018312532066316656
2019-10-25,Starbucks Corp,2248104.0,146134646.8542917,0.021496755550435603
2019-10-25,Visa Inc,1528695.0,211957905.78467295,0.03117951413793396
2019-10-28,Accenture PLC,1061355.0,150890141.37448496,0.022498880405670597
2019-10-28,Alphabet Inc,180207.0,180645884.7236259,0.026935690557055057
2019-10-28,Apple Inc,810419.0,156911180.86760476,0.023396663695152153
2019-10-28,British American Tobacco PLC,5628884.0,152767911.76000002,0.022778870409975525
2019-10-28,Colgate-Palmolive Co,2870296.0,150287207.96081784,0.022408978397208613
2019-10-28,Nestle SA,2654707.0,216818368.42845973,0.03232928603942196
2019-10-28,Not Available,33524008.0,336376213.1446694,0.050156280071814024
2019-10-28,PepsiCo Inc,1168627.0,124076334.75083572,0.018500735643190606
2019-10-28,Starbucks Corp,2248104.0,146110156.57311666,0.02178614791428801
2019-10-28,Visa Inc,1528695.0,213729696.6493042,0.031868741325641596
2019-10-29,Accenture PLC,1061355.0,152494482.97309905,0.022353062310972154
2019-10-29,Alphabet Inc,180207.0,176750523.48001865,0.025908579692963507
2019-10-29,Apple Inc,810419.0,153294074.4129995,0.022470268631692412
2019-10-29,British American Tobacco PLC,5628884.0,152880489.44,0.02240964420455185
2019-10-29,Colgate-Palmolive Co,2870296.0,151570909.90514693,0.02221768242093173
2019-10-29,Nestle SA,2654707.0,217382543.33515754,0.031864533337547477
2019-10-29,Not Available,36469549.0,340902016.23182946,0.04997035867920793
2019-10-29,PepsiCo Inc,1168627.0,123640772.94355467,0.018123605837409736
2019-10-29,Starbucks Corp,2248104.0,147047884.87016016,0.02155468492443225
2019-10-29,Visa Inc,1528695.0,211119649.23806566,0.030946501030608146
2019-10-30,Accenture PLC,1061355.0,153485983.49093166,0.022557307339011956
2019-10-30,Alphabet Inc,180207.0,176123201.7284142,0.02588422148106682
2019-10-30,Apple Inc,669800.0,126287046.96946208,0.018559973143050572
2019-10-30,British American Tobacco PLC,5628884.0,154597299.06,0.022720633567713387
2019-10-30,Colgate-Palmolive Co,2870296.0,152569291.3346768,0.02242258424421468
2019-10-30,Nestle SA,2654707.0,220189048.8286453,0.03236042753966467
2019-10-30,Not Available,36256660.0,335913814.12343615,0.04936809845603766
2019-10-30,PepsiCo Inc,1168627.0,124000183.14989924,0.018223880629277846
2019-10-30,Starbucks Corp,2248104.0,146696539.88528913,0.02155948615306362
2019-10-30,Visa Inc,1528695.0,212384575.06588122,0.031213430860998412
2019-10-31,Accenture PLC,1061355.0,152060302.9670839,0.02253557534360882
2019-10-31,Alphabet Inc,180207.0,175358792.55910987,0.025988448035221448
2019-10-31,Apple Inc,616870.0,118569449.23504867,0.017572178303926225
2019-10-31,British American Tobacco PLC,5628884.0,152092445.68,0.022540338944065576
2019-10-31,Colgate-Palmolive Co,2870296.0,152142099.8300108,0.022547697766959238
2019-10-31,Nestle SA,2654707.0,219014367.2567758,0.03245827266118418
2019-10-31,Not Available,35787364.0,327233832.5568158,0.04849656711625988
2019-10-31,PepsiCo Inc,1168627.0,123860736.81811158,0.018356355420938993
2019-10-31,Starbucks Corp,2248104.0,146885855.540102,0.02176871412094286
2019-10-31,Visa Inc,1528695.0,211267491.65507653,0.0313101735492322
2019-11-01,Accenture PLC,1061355.0,154308850.68747103,0.022901255424208525
2019-11-01,Alphabet Inc,180207.0,177187957.99474743,0.02629678509076676
2019-11-01,Apple Inc,616870.0,121896866.52247798,0.018090934273730434
2019-11-01,British American Tobacco PLC,5628884.0,154315854.85999998,0.0229022949261127
2019-11-01,Colgate-Palmolive Co,2870296.0,148126429.5998764,0.021983711136656436
2019-11-01,Nestle SA,2654707.0,218620480.81536654,0.032445860686606105
2019-11-01,Not Available,22777851.0,325943397.0595987,0.04837384865897494
2019-11-01,PepsiCo Inc,1168627.0,123605820.41557239,0.018344563209722033
2019-11-01,Starbucks Corp,2248104.0,144496163.9425305,0.021444936849204878
2019-11-01,Visa Inc,1528695.0,213646521.20346054,0.031707666350801855
2019-11-04,Accenture PLC,1061355.0,154705424.55759084,0.02365670861530062
2019-11-04,Alphabet Inc,176472.0,176742434.70971748,0.027026487854859303
2019-11-04,Apple Inc,610852.0,122085058.98789197,0.01866858046521316
2019-11-04,British American Tobacco PLC,5628884.0,156876997.08,0.023988773625603498
2019-11-04,Colgate-Palmolive Co,2870296.0,145720320.83203974,0.02228275562482557
2019-11-04,Nestle SA,2633659.0,216602313.10496545,0.03312164276836185
2019-11-04,Not Available,26907649.0,125321570.74184398,0.019163490166745546
2019-11-04,PepsiCo Inc,1154038.0,121064712.88419744,0.01851255471155335
2019-11-04,Starbucks Corp,2206988.0,141097176.00124186,0.021575809566138367
2019-11-04,Visa Inc,1508154.0,209472336.4638311,0.032031365680046664
2019-11-05,Accenture PLC,1061355.0,153947549.20832038,0.022906333305747945
2019-11-05,Alphabet Inc,176472.0,176923487.1313257,0.02632499436779809
2019-11-05,Apple Inc,610852.0,121909635.79633653,0.01813931280552207
2019-11-05,British American Tobacco PLC,5628884.0,157102152.44,0.023375716504401275
2019-11-05,Colgate-Palmolive Co,2870296.0,146945610.1831729,0.02186449308210453
2019-11-05,Nestle SA,2633659.0,213682379.03213197,0.031794463899205996
2019-11-05,Not Available,34266218.0,331578810.46313256,0.049336639580498345
2019-11-05,PepsiCo Inc,1154038.0,120034641.71064885,0.017860326620331494
2019-11-05,Starbucks Corp,2206988.0,140274951.35051227,0.020871945065746775
2019-11-05,Visa Inc,1508154.0,206452282.6606644,0.030718675436387358
2019-11-06,Accenture PLC,1061355.0,156235088.79813302,0.023112526993583096
2019-11-06,Alphabet Inc,176472.0,177275509.18708673,0.02622512665308954
2019-11-06,Apple Inc,610852.0,122236926.0832361,0.018083032918180003
2019-11-06,British American Tobacco PLC,5628884.0,159972883.28,0.02366547496783898
2019-11-06,Colgate-Palmolive Co,2870296.0,148527491.18630883,0.021972309010354397
2019-11-06,Nestle SA,2633659.0,216338485.9045679,0.03200388039386433
2019-11-06,Not Available,33491443.0,332719085.06539494,0.049220561744552895
2019-11-06,PepsiCo Inc,1154038.0,120691457.58070788,0.01785440513195608
2019-11-06,Starbucks Corp,2206988.0,142479917.6351614,0.021077665508553257
2019-11-06,Visa Inc,1508154.0,207387306.5577596,0.030679694029143022
2019-11-07,Accenture PLC,1061355.0,156582364.78895214,0.023104383650691864
2019-11-07,Alphabet Inc,176472.0,180062008.27026606,0.026568903372979378
2019-11-07,Apple Inc,610852.0,123643079.0044472,0.018244054092055137
2019-11-07,British American Tobacco PLC,5628884.0,161267526.6,0.023795698896147
2019-11-07,Colgate-Palmolive Co,2870296.0,149751652.89849418,0.02209648350601594
2019-11-07,Nestle SA,2633659.0,215120703.76411548,0.03174196070976466
2019-11-07,Not Available,30250754.0,327078166.2528863,0.048261753148619246
2019-11-07,PepsiCo Inc,1154038.0,120040841.1952875,0.017712528818081715
2019-11-07,Starbucks Corp,2206988.0,141111544.51119605,0.020821599330950902
2019-11-07,Visa Inc,1508154.0,209955464.0087384,0.0309798079531826
2019-11-08,Accenture PLC,1061355.0,157616285.81493655,0.023214177330071747
2019-11-08,Alphabet Inc,176472.0,180979723.67308593,0.02665521127320121
2019-11-08,Apple Inc,610852.0,124398809.51933615,0.018321812425033186
2019-11-08,British American Tobacco PLC,5628884.0,162421447.82,0.023921895332107642
2019-11-08,Colgate-Palmolive Co,2870296.0,149716472.89807418,0.022050670291581087
2019-11-08,Nestle SA,2633659.0,215240639.7802198,0.031701256977739345
2019-11-08,Not Available,30027153.0,327959378.2402652,0.04830279513418219
2019-11-08,PepsiCo Inc,1154038.0,120273273.0076718,0.017714191609276182
2019-11-08,Starbucks Corp,2206988.0,141275566.58838263,0.020807469470761262
2019-11-08,Visa Inc,1508154.0,211299766.22827616,0.031120833850794054
2019-11-11,Accenture PLC,1061355.0,156920366.6277713,0.023252988737450825
2019-11-11,Alphabet Inc,176472.0,178280681.46246594,0.02641823217240757
2019-11-11,Apple Inc,610852.0,124593850.17502914,0.018462736591407212
2019-11-11,British American Tobacco PLC,5628884.0,163828668.82,0.024276684236785525
2019-11-11,Colgate-Palmolive Co,2870296.0,148572147.67794633,0.022015921520557778
2019-11-11,Nestle SA,2633659.0,215188707.95614725,0.03188738791568266
2019-11-11,Not Available,28878346.0,326403695.9856632,0.04836759962854763
2019-11-11,PepsiCo Inc,1154038.0,118851101.37689611,0.01761175672184219
2019-11-11,Starbucks Corp,2222489.0,142512460.731233,0.02111797668807696
2019-11-11,Visa Inc,1508154.0,210637082.1936989,0.031212912671545863
2019-11-12,Accenture PLC,1061355.0,158174533.00895292,0.023548248710148514
2019-11-12,Alphabet Inc,176472.0,178313048.08096537,0.026546372065075576
2019-11-12,Apple Inc,610852.0,124576714.61268976,0.018546370287224223
2019-11-12,British American Tobacco PLC,5628884.0,164785579.1,0.02453246882842394
2019-11-12,Colgate-Palmolive Co,2870296.0,148911269.3188011,0.022169179443473096
2019-11-12,Nestle SA,2633659.0,214251886.03903738,0.03189676999887257
2019-11-12,Not Available,29918872.0,330646314.6711729,0.049225001679190035
2019-11-12,PepsiCo Inc,1154038.0,118575270.72012456,0.017652904754475483
2019-11-12,Starbucks Corp,2222489.0,144163319.17477617,0.021462327912268923
2019-11-12,Visa Inc,1508154.0,211035889.42000777,0.031417988195030486
2019-11-13,Accenture PLC,1061355.0,160636174.22768658,0.023663700660232094
2019-11-13,Alphabet Inc,176472.0,178102071.96327135,0.026236644007297118
2019-11-13,Apple Inc,610852.0,125711639.90350947,0.01851888362310618
2019-11-13,British American Tobacco PLC,5628884.0,163519080.2,0.02408838846351434
2019-11-13,Colgate-Palmolive Co,2870296.0,149377788.8724613,0.022005200871847104
2019-11-13,Nestle SA,2633659.0,216604635.5104928,0.03190854912339877
2019-11-13,Not Available,30138325.0,328694666.74011856,0.048420800854782224
2019-11-13,PepsiCo Inc,1154038.0,119696307.69589914,0.017632750587274645
2019-11-13,Starbucks Corp,2256504.0,147390044.16776904,0.021712381425001172
2019-11-13,Visa Inc,1508154.0,210550081.0364952,0.031016638161297096
2019-11-14,Accenture PLC,1061355.0,161691444.4573824,0.023843870133383613
2019-11-14,Alphabet Inc,176472.0,179479406.1946903,0.026466976451873805
2019-11-14,Apple Inc,610852.0,124541351.7155721,0.018365522223563586
2019-11-14,British American Tobacco PLC,5628884.0,163237636.0,0.024071879663926384
2019-11-14,Colgate-Palmolive Co,2870296.0,148483562.67660302,0.021896166474882416
2019-11-14,Nestle SA,2633659.0,214235721.89218923,0.03159232541877277
2019-11-14,Not Available,29237275.0,323142944.01641935,0.04765235673107975
2019-11-14,PepsiCo Inc,1154038.0,119444097.60906693,0.017613854345524437
2019-11-14,Starbucks Corp,2256504.0,147806091.84909174,0.021796263066359203
2019-11-14,Visa Inc,1508154.0,210441454.35491383,0.031032802787790574
2019-11-15,Accenture PLC,1061355.0,161964237.8460107,0.023863993177417227
2019-11-15,Alphabet Inc,176472.0,182549748.04993406,0.02689708543033261
2019-11-15,Apple Inc,610852.0,125874255.65635417,0.018546454563949256
2019-11-15,British American Tobacco PLC,5628884.0,160535771.68,0.02365352136405148
2019-11-15,Colgate-Palmolive Co,2870296.0,147709967.8374816,0.021763752983924536
2019-11-15,Nestle SA,2633659.0,214611241.61315584,0.03162106199346733
2019-11-15,Not Available,29221069.0,323570268.63161147,0.04767520772320931
2019-11-15,PepsiCo Inc,1154038.0,119734686.19058695,0.01764184348565277
2019-11-15,Starbucks Corp,2268024.0,148088936.21772507,0.021819590611791406
2019-11-15,Visa Inc,1508154.0,210220085.74086997,0.030974064142763783
2019-11-18,Accenture PLC,1061355.0,162255475.25669733,0.023953318354453794
2019-11-18,Alphabet Inc,176472.0,179866224.07164365,0.026553143550844618
2019-11-18,Apple Inc,610852.0,125961992.74299392,0.018595413855593716
2019-11-18,British American Tobacco PLC,5628884.0,161999281.51999998,0.023915497195409276
2019-11-18,Colgate-Palmolive Co,2870296.0,148755477.8661314,0.021960351801128358
2019-11-18,Nestle SA,2633659.0,214341790.35731003,0.03164267420233217
2019-11-18,Not Available,26960807.0,314638918.23662233,0.04644925641676728
2019-11-18,PepsiCo Inc,1154038.0,119439770.15363237,0.01763255652326379
2019-11-18,Starbucks Corp,2290004.0,148541755.63962016,0.021928800591389845
2019-11-18,Visa Inc,1508154.0,209183160.37983477,0.03088112020282735
2019-11-19,Accenture PLC,1061355.0,162857148.92464802,0.023959237695172508
2019-11-19,Alphabet Inc,176472.0,179371310.92371964,0.026388770173697052
2019-11-19,Apple Inc,530852.0,109361425.87033886,0.016089047453009125
2019-11-19,British American Tobacco PLC,5628884.0,162646603.18,0.023928262600894864
2019-11-19,Colgate-Palmolive Co,3270296.0,169915735.23131675,0.02499768364753051
2019-11-19,Nestle SA,2633659.0,214099217.93329686,0.031497874589391385
2019-11-19,Not Available,26971841.0,318460841.0742951,0.046851360460902665
2019-11-19,PepsiCo Inc,1196438.0,124558766.5635154,0.018324851655689884
2019-11-19,Starbucks Corp,2290004.0,148214246.20145443,0.021805001364689956
2019-11-19,Visa Inc,1547554.0,218819777.64196196,0.03219235446246402
2019-11-20,Accenture PLC,1061355.0,162364977.59981433,0.023961877316226784
2019-11-20,Alphabet Inc,165792.0,167076123.3828536,0.02465714977547772
2019-11-20,Apple Inc,530852.0,108105027.7623027,0.015954175899264556
2019-11-20,British American Tobacco PLC,5628884.0,161042371.23999998,0.02376668663040262
2019-11-20,Colgate-Palmolive Co,3270296.0,170068550.10832557,0.025098773105419532
2019-11-20,Nestle SA,2633659.0,214484761.22433043,0.031653732292717535
2019-11-20,Not Available,29315103.0,321150369.2795153,0.047395478153568704
2019-11-20,PepsiCo Inc,1196438.0,123809670.4735376,0.018271872286162075
2019-11-20,Starbucks Corp,2290004.0,148130868.4617765,0.021861202762431663
2019-11-20,Visa Inc,1547554.0,217524496.78118232,0.03210233747570584
2019-11-21,Accenture PLC,1061355.0,161726372.07681587,0.023863543790390098
2019-11-21,Alphabet Inc,165792.0,166985870.01703578,0.02463960930030143
2019-11-21,Apple Inc,530852.0,107703680.13009137,0.01589222248768326
2019-11-21,British American Tobacco PLC,5628884.0,167262288.06,0.024680396179942794
2019-11-21,Colgate-Palmolive Co,3270296.0,169035355.4282174,0.024942021233676587
2019-11-21,Nestle SA,2633659.0,212048581.8876755,0.03128884024655661
2019-11-21,Not Available,26971841.0,316187789.88632137,0.04665510685143573
2019-11-21,PepsiCo Inc,1196438.0,124063042.10933869,0.018306129050733998
2019-11-21,Starbucks Corp,2290004.0,145940319.96283102,0.021534231996265828
2019-11-21,Visa Inc,1547554.0,215571851.5254762,0.03180871649312865
2019-11-22,Accenture PLC,1061355.0,162635245.67554933,0.023819424532248626
2019-11-22,Alphabet Inc,165792.0,167218431.86847433,0.024490674218539933
2019-11-22,Apple Inc,530852.0,108279910.05142589,0.015858586711111424
2019-11-22,British American Tobacco PLC,5628884.0,167797032.04,0.024575415524538846
2019-11-22,Colgate-Palmolive Co,3270296.0,169987101.57394418,0.024896171310085053
2019-11-22,Nestle SA,2633659.0,212116430.66947892,0.031066398254540196
2019-11-22,Not Available,29315103.0,323100763.276008,0.04732107247231117
2019-11-22,PepsiCo Inc,1196438.0,124985540.48620848,0.01830527962661125
2019-11-22,Starbucks Corp,2290004.0,148134745.27037555,0.021695693150122985
2019-11-22,Visa Inc,1547554.0,216409160.33972263,0.03169510791703057
2019-11-25,Accenture PLC,1061355.0,163201843.25581396,0.0238545236923063
2019-11-25,Alphabet Inc,165792.0,167864453.62790698,0.024536037744906466
2019-11-25,Apple Inc,530852.0,109614765.30232558,0.01602192698174547
2019-11-25,British American Tobacco PLC,5628884.0,169401263.98000002,0.02476066681908378
2019-11-25,Colgate-Palmolive Co,3270296.0,169801880.68217054,0.024819223269322403
2019-11-25,Nestle SA,2633659.0,213503376.61792156,0.031206886235570566
2019-11-25,Not Available,26942662.0,317548455.6100736,0.046414715708401916
2019-11-25,PepsiCo Inc,1196438.0,124123486.46511628,0.018142605436218297
2019-11-25,Starbucks Corp,2290004.0,148672740.31007752,0.02173086611875938
2019-11-25,Visa Inc,1547554.0,217101432.0775194,0.03173279879571655
2019-11-26,Accenture PLC,1061355.0,165744945.28213897,0.024041431565062832
2019-11-26,Alphabet Inc,165792.0,169226683.74009016,0.024546460401518703
2019-11-26,Apple Inc,530852.0,109046226.55059847,0.01581723888219874
2019-11-26,British American Tobacco PLC,5628884.0,168078476.23999998,0.024379912022085955
2019-11-26,Colgate-Palmolive Co,3270296.0,172309471.3508472,0.02499362111129165
2019-11-26,Nestle SA,2633659.0,213467801.41843975,0.030963668487203538
2019-11-26,Not Available,29196877.0,323983986.6455834,0.04699412600400664
2019-11-26,PepsiCo Inc,1196438.0,126190452.82138969,0.018304022065381557
2019-11-26,Starbucks Corp,2290004.0,150507335.7997824,0.02183120461086138
2019-11-26,Visa Inc,1547554.0,219575612.2337945,0.031849611135286976
2019-11-27,Accenture PLC,1061355.0,165310497.44601813,0.023954056571325082
2019-11-27,Alphabet Inc,165792.0,168413104.65134278,0.024403634968723695
2019-11-27,Apple Inc,530852.0,110040553.88901787,0.01594525268341313
2019-11-27,British American Tobacco PLC,5628884.0,173369627.2,0.025121852041213925
2019-11-27,Colgate-Palmolive Co,3270296.0,171297603.3433945,0.02482160869644708
2019-11-27,Nestle SA,2633659.0,212903753.42317227,0.03085048216863228
2019-11-27,Not Available,29115397.0,322150934.6094086,0.04668077243345626
2019-11-27,PepsiCo Inc,1196438.0,125847758.36235586,0.018235770684621663
2019-11-27,Starbucks Corp,2290004.0,152011177.9893197,0.02202693968795893
2019-11-27,Visa Inc,1547554.0,220820780.8838325,0.03199768653011767
2019-11-28,Accenture PLC,1061355.0,165425723.16449818,0.023991072140418204
2019-11-28,Alphabet Inc,165792.0,168530492.9677819,0.02444134525940529
2019-11-28,Apple Inc,530852.0,110117255.01858735,0.01596989246000599
2019-11-28,British American Tobacco PLC,5628884.0,172947460.9,0.02508192155114913
2019-11-28,Colgate-Palmolive Co,3270296.0,171417002.2304833,0.02485996487085829
2019-11-28,Nestle SA,2633659.0,213054086.48103622,0.030898435024489527
2019-11-28,Not Available,28903311.0,321404621.79056346,0.04661210675182376
2019-11-28,PepsiCo Inc,1196438.0,125935477.52478315,0.018263949938007534
2019-11-28,Starbucks Corp,2290004.0,152117133.7360595,0.022060977334380196
2019-11-28,Visa Inc,1547554.0,220974698.7143742,0.03204713170751586
2019-11-29,Accenture PLC,1061355.0,165185432.72727272,0.024086522205799422
2019-11-29,Alphabet Inc,165792.0,167330267.93036753,0.02439927145913351
2019-11-29,Apple Inc,530852.0,109764175.62862669,0.016005268806270935
2019-11-29,British American Tobacco PLC,5628884.0,172243850.4,0.025115745734805454
2019-11-29,Colgate-Palmolive Co,3270296.0,171598819.89941972,0.025021690579825194
2019-11-29,Nestle SA,2633659.0,211654043.21398193,0.030862344987997874
2019-11-29,Not Available,28612064.0,318907730.17864645,0.046501546763093225
2019-11-29,PepsiCo Inc,1196438.0,125734757.09090911,0.01833401994781928
2019-11-29,Starbucks Corp,2290004.0,151361734.40618956,0.022070818937783173
2019-11-29,Visa Inc,1547554.0,220920068.50290135,0.032213470932920305
2019-12-02,Accenture PLC,1061355.0,163718868.884767,0.024066380988065836
2019-12-02,Alphabet Inc,165792.0,165208997.51139963,0.024285427231752053
2019-12-02,Apple Inc,530852.0,108377667.76412398,0.015931323376325322
2019-12-02,British American Tobacco PLC,5628884.0,171680962.0,0.025236794439361568
2019-12-02,Colgate-Palmolive Co,3270296.0,170781281.9537831,0.02510454308124318
2019-12-02,Nestle SA,2633659.0,210520263.37698784,0.030946102295054123
2019-12-02,Not Available,26465841.0,315443019.2175493,0.046369559796180945
2019-12-02,PepsiCo Inc,1196438.0,125644945.85362081,0.018469582380675052
2019-12-02,Starbucks Corp,2290004.0,149675893.25295615,0.022002088679772658
2019-12-02,Visa Inc,1547554.0,217427808.68691552,0.03196149910455721
2019-12-03,Accenture PLC,1061355.0,162327284.5325125,0.02407166899982953
2019-12-03,Alphabet Inc,165792.0,165216562.46248555,0.02450012280030504
2019-12-03,Apple Inc,530852.0,105986572.83570603,0.015716850725833745
2019-12-03,British American Tobacco PLC,5628884.0,168022187.4,0.02491617161814865
2019-12-03,Colgate-Palmolive Co,3270296.0,169365849.01885337,0.02511542449070154
2019-12-03,Nestle SA,2633659.0,208647717.7672098,0.030940570552427195
2019-12-03,Not Available,25956988.0,312441544.1280298,0.046332256796541106
2019-12-03,PepsiCo Inc,1196438.0,124716807.60292421,0.018494375236910443
2019-12-03,Starbucks Corp,2290004.0,149471442.3085802,0.022165263803563536
2019-12-03,Visa Inc,1547554.0,216621833.47441322,0.03212305983279026
2019-12-04,Accenture PLC,1061355.0,161649290.97985348,0.024003428599604974
2019-12-04,Alphabet Inc,165792.0,166966066.91086692,0.02479292078151677
2019-12-04,Apple Inc,530852.0,106032663.67521366,0.015744872472537624
2019-12-04,British American Tobacco PLC,5628884.0,167459299.0,0.024866161197003748
2019-12-04,Colgate-Palmolive Co,3270296.0,169903656.65445668,0.02522912576106089
2019-12-04,Nestle SA,2633659.0,207887278.53338477,0.03086934323556175
2019-12-04,Not Available,26578076.0,312922676.1960824,0.04646613090437928
2019-12-04,PepsiCo Inc,1196438.0,125359384.46275946,0.018614712232899913
2019-12-04,Starbucks Corp,2290004.0,149241713.67521366,0.02216101782179885
2019-12-04,Visa Inc,1547554.0,213284685.8974359,0.03167080844150645
2019-12-05,Accenture PLC,1061355.0,161215928.21311846,0.024029840598868445
2019-12-05,Alphabet Inc,165792.0,167279036.36087257,0.024933569677868812
2019-12-05,Apple Inc,530852.0,107154878.89336474,0.01597183781862245
2019-12-05,British American Tobacco PLC,5628884.0,166361666.62,0.024796832266821868
2019-12-05,Colgate-Palmolive Co,3270296.0,168572983.75009498,0.025126437404097663
2019-12-05,Nestle SA,2633659.0,207926850.8315368,0.03099227934290401
2019-12-05,Not Available,23925934.0,308968298.63180417,0.04605288725820636
2019-12-05,PepsiCo Inc,1196438.0,123981421.99589571,0.01847989736996712
2019-12-05,Starbucks Corp,2290004.0,146987031.84616554,0.021908970065879295
2019-12-05,Visa Inc,1547554.0,213942841.87884775,0.03188898544082751
2019-12-06,Accenture PLC,1061355.0,163605369.29223746,0.024438095489760885
2019-12-06,Alphabet Inc,165792.0,169067291.82648402,0.025253954926569275
2019-12-06,Apple Inc,530852.0,109366015.92085235,0.016336243437306976
2019-12-06,British American Tobacco PLC,5628884.0,168753942.32,0.025207149218454357
2019-12-06,Colgate-Palmolive Co,3270296.0,169836376.74277017,0.02536883483977288
2019-12-06,Nestle SA,2633659.0,210263693.02289844,0.03140755239484163
2019-12-06,Not Available,24992002.0,300071503.63209313,0.04482234349178635
2019-12-06,PepsiCo Inc,1196438.0,125070565.96651447,0.018682066776112456
2019-12-06,Starbucks Corp,2290004.0,150436183.62252665,0.02247098512956286
2019-12-06,Visa Inc,1547554.0,214549400.4414003,0.03204771798101774
2019-12-09,Accenture PLC,1061355.0,163098464.0222104,0.02412729707852486
2019-12-09,Alphabet Inc,165792.0,169392778.80885375,0.025058420517813748
2019-12-09,Apple Inc,530852.0,107777451.7684643,0.01594361181004138
2019-12-09,British American Tobacco PLC,5628884.0,168866520.0,0.024980570596310654
2019-12-09,Colgate-Palmolive Co,3270296.0,170641443.3711113,0.025243136548253567
2019-12-09,Nestle SA,2633659.0,210644053.68032026,0.03116075734641948
2019-12-09,Not Available,21002507.0,293436103.6167236,0.04340825701805125
2019-12-09,PepsiCo Inc,1196438.0,124821964.0069978,0.018465021271516436
2019-12-09,Starbucks Corp,2290004.0,150286411.4398722,0.02223199904066192
2019-12-09,Visa Inc,1547554.0,215318002.3427398,0.03185217862119379
2019-12-10,Accenture PLC,1061355.0,162865876.71024626,0.024157992033450645
2019-12-10,Alphabet Inc,165792.0,169334206.673761,0.025117443251131587
2019-12-10,Apple Inc,530852.0,108333190.14898144,0.01606912631080774
2019-12-10,British American Tobacco PLC,5628884.0,168528786.96,0.024997974867565647
2019-12-10,Colgate-Palmolive Co,3270296.0,168859233.26238978,0.025046990163475773
2019-12-10,Nestle SA,2633659.0,209391143.35135138,0.03105911241282643
2019-12-10,Not Available,19073826.0,291830978.04219246,0.043287461959880646
2019-12-10,PepsiCo Inc,1196438.0,123927186.27242324,0.018382192999356544
2019-12-10,Starbucks Corp,2290004.0,149765843.84311342,0.02221485639304165
2019-12-10,Visa Inc,1547554.0,214394338.73517781,0.03180123934982325
2019-12-11,Accenture PLC,1061355.0,162710000.3789027,0.024075777932323524
2019-12-11,Alphabet Inc,165792.0,168933702.19763565,0.02499668299381869
2019-12-11,Apple Inc,530852.0,108926035.19248256,0.016117503707428565
2019-12-11,British American Tobacco PLC,5628884.0,168669509.06,0.024957591018536614
2019-12-11,Colgate-Palmolive Co,3270296.0,167182606.9718096,0.02473757796218472
2019-12-11,Nestle SA,2633659.0,209311927.309175,0.030971344531665022
2019-12-11,Not Available,17332568.0,291551699.9925571,0.043140150995429255
2019-12-11,PepsiCo Inc,1196438.0,124304069.26341313,0.018392951636045467
2019-12-11,Starbucks Corp,2290004.0,150266327.947863,0.022234519906297892
2019-12-11,Visa Inc,1547554.0,213451275.79569566,0.03158383322144375
2019-12-12,Accenture PLC,1061355.0,164449138.81923863,0.02422761003240446
2019-12-12,Alphabet Inc,165792.0,169975901.49684674,0.025041845071007603
2019-12-12,Apple Inc,530852.0,109494023.18972722,0.016131300618336942
2019-12-12,British American Tobacco PLC,5628884.0,168866520.0,0.024878404493113723
2019-12-12,Colgate-Palmolive Co,3270296.0,167055694.91679963,0.02461162313890488
2019-12-12,Nestle SA,2633659.0,209376499.86117542,0.03084657192496589
2019-12-12,Not Available,16761987.0,294572904.22303826,0.04339820506736322
2019-12-12,PepsiCo Inc,1196438.0,124707366.33994378,0.018372619410147353
2019-12-12,Starbucks Corp,2290004.0,153484729.76217613,0.022612269090046194
2019-12-12,Visa Inc,1547554.0,214759716.25256437,0.03163965888417447
2019-12-13,Accenture PLC,1061355.0,164533511.5895282,0.02435713261189093
2019-12-13,Alphabet Inc,165792.0,167559711.34948614,0.024805123712009526
2019-12-13,Apple Inc,530852.0,109567120.09601681,0.016220044465710622
2019-12-13,British American Tobacco PLC,5628884.0,171061784.76000002,0.0253235619660308
2019-12-13,Colgate-Palmolive Co,3270296.0,168506962.89850724,0.024945352479835776
2019-12-13,Nestle SA,2633659.0,206653599.71034375,0.03059248589689632
2019-12-13,Not Available,14012468.0,291854954.60851353,0.043205482969157105
2019-12-13,PepsiCo Inc,1196438.0,123799158.14267498,0.018326920048022045
2019-12-13,Starbucks Corp,2290004.0,152317646.59815466,0.02254872628366437
2019-12-13,Visa Inc,1547554.0,214923222.23389095,0.03181670028647809
2019-12-16,Accenture PLC,1061355.0,163199651.21512154,0.024043142212425636
2019-12-16,Alphabet Inc,165792.0,169238822.3972397,0.024932853988742208
2019-12-16,Apple Inc,526947.0,110614602.02520253,0.016296129234719757
2019-12-16,British American Tobacco PLC,5628884.0,178548200.48000002,0.02630434405925717
2019-12-16,Colgate-Palmolive Co,3270296.0,168935857.72577262,0.02488822017594182
2019-12-16,Nestle SA,2633659.0,209502456.52339876,0.030864633095354768
2019-12-16,Not Available,10489894.0,288201757.26315916,0.042458888754702606
2019-12-16,PepsiCo Inc,1196438.0,123000144.22442244,0.018120810539223986
2019-12-16,Starbucks Corp,2290004.0,152495165.85658568,0.022466120068874277
2019-12-16,Visa Inc,1547554.0,216183961.11611164,0.03184897567157644
2019-12-17,Accenture PLC,1061355.0,164404544.2083619,0.023871103938328465
2019-12-17,Alphabet Inc,165792.0,171081830.37087807,0.024840628185841807
2019-12-17,Apple Inc,526947.0,112528526.59355724,0.016338843717953265
2019-12-17,British American Tobacco PLC,5628884.0,180096143.58,0.026149482564434175
2019-12-17,Colgate-Palmolive Co,3270296.0,168956576.52882493,0.02453204696259602
2019-12-17,Nestle SA,2633659.0,211920533.05361307,0.03077029954097505
2019-12-17,Not Available,9395783.0,293208739.817029,0.042573131646093616
2019-12-17,PepsiCo Inc,1196438.0,124072014.66758054,0.018014927581405563
2019-12-17,Starbucks Corp,2290004.0,153695874.28223288,0.022316233456622668
2019-12-17,Visa Inc,1547554.0,218644595.29358009,0.031746615550918275
2019-12-18,Accenture PLC,1061355.0,166986087.1692919,0.024199503398438803
2019-12-18,Alphabet Inc,165792.0,171425509.5427435,0.024842861289114643
2019-12-18,Apple Inc,507639.0,108584595.39684966,0.01573600130327138
2019-12-18,British American Tobacco PLC,5628884.0,182319552.76000002,0.02642161818034874
2019-12-18,Colgate-Palmolive Co,3270296.0,170716552.92858234,0.024740119807566265
2019-12-18,Nestle SA,2633659.0,213658718.74902508,0.030963267527978438
2019-12-18,Not Available,10691895.0,278094524.65815586,0.04030125807864214
2019-12-18,PepsiCo Inc,1196438.0,124391860.26915431,0.01802677873558254
2019-12-18,Starbucks Corp,2290004.0,154073598.378957,0.02232823482953568
2019-12-18,Visa Inc,1547554.0,218797013.76357242,0.03170790553809396
2019-12-19,Accenture PLC,1061355.0,169944074.4868937,0.024496470215779737
2019-12-19,Alphabet Inc,165792.0,172846676.97747713,0.024914863829522994
2019-12-19,Apple Inc,496192.0,106805814.31316781,0.015395449691871392
2019-12-19,British American Tobacco PLC,5628884.0,183248318.62,0.026414201217193588
2019-12-19,Colgate-Palmolive Co,3270296.0,171798008.02521333,0.02476370417401336
2019-12-19,Nestle SA,2633659.0,215426643.94689295,0.03105252350259163
2019-12-19,Not Available,9070277.0,259130003.07926685,0.03735211375631528
2019-12-19,PepsiCo Inc,1196438.0,125511487.3241602,0.01809176589567777
2019-12-19,Starbucks Corp,2290004.0,155823778.98378044,0.02246111005818449
2019-12-19,Visa Inc,1547554.0,221908465.80059958,0.031986841197767055
2019-12-20,Accenture PLC,1061355.0,172360981.99861526,0.024842710148398485
2019-12-20,Alphabet Inc,165792.0,172241351.8424494,0.024825467630630392
2019-12-20,Anheuser-Busch InBev SA/NV,1661701.0,104870537.75884108,0.015115186409592968
2019-12-20,British American Tobacco PLC,5628884.0,185077705.92000002,0.026675595310416793
2019-12-20,Colgate-Palmolive Co,3270296.0,173213231.47934455,0.02496554645727987
2019-12-20,Nestle SA,2633659.0,218732853.1506849,0.03152637451786119
2019-12-20,Not Available,10406374.0,217569323.48425213,0.03135867281462718
2019-12-20,PepsiCo Inc,1196438.0,126942633.24871142,0.018296478743069156
2019-12-20,Starbucks Corp,2290004.0,155837952.027079,0.022461214988667526
2019-12-20,Visa Inc,1547554.0,223817333.64104933,0.03225921018410452
2019-12-23,Accenture PLC,1061355.0,172978876.50742117,0.024804949106696252
2019-12-23,Alphabet Inc,165792.0,172995093.24366108,0.02480727456588081
2019-12-23,Apple Inc,484010.0,106260698.82498452,0.015237647969592625
2019-12-23,British American Tobacco PLC,5628884.0,184852550.56,0.026507618742032234
2019-12-23,Colgate-Palmolive Co,3270296.0,173728154.85466912,0.024912394661006105
2019-12-23,Nestle SA,2633659.0,221009249.31118634,0.03169244298472436
2019-12-23,Not Available,10406374.0,218164689.55932868,0.0312845367634537
2019-12-23,PepsiCo Inc,1196438.0,126746956.95732836,0.01817535111936207
2019-12-23,Starbucks Corp,2290004.0,156189744.06307977,0.022397409040325177
2019-12-23,Visa Inc,1547554.0,223806742.6716141,0.03209359994581004
2019-12-24,Accenture PLC,1061355.0,173511535.49907294,0.028150050283870423
2019-12-24,Alphabet Inc,165792.0,172148529.46538934,0.02792891980816429
2019-12-24,Anheuser-Busch InBev SA/NV,1661701.0,105475453.22939865,0.017112057152750278
2019-12-24,Apple Inc,484010.0,106295984.78059332,0.017245178010445388
2019-12-24,British American Tobacco PLC,5628884.0,184148940.06,0.029875834523048973
2019-12-24,Colgate-Palmolive Co,3270296.0,173191278.4301607,0.02809809262833061
2019-12-24,Not Available,8731464.0,214540657.19492045,0.034806505922506156
2019-12-24,PepsiCo Inc,1196438.0,126529973.59394312,0.02052788656870209
2019-12-24,Starbucks Corp,2290004.0,156606268.60321382,0.025407384720961913
2019-12-24,Visa Inc,1547554.0,224254251.9932015,0.0363824137215021
2019-12-26,Accenture PLC,1061355.0,173216599.51512355,0.03808542185505866
2019-12-26,Alphabet Inc,165792.0,173730446.40960518,0.03819840222645508
2019-12-26,Apple Inc,481720.0,107485142.15346727,0.023632936990593302
2019-12-26,AutoZone Inc,102075.0,95116019.39505889,0.020913317395533305
2019-12-26,Colgate-Palmolive Co,3270296.0,172613637.86654356,0.03795284767444969
2019-12-26,Not Available,8271134.0,206536129.3781705,0.045411442308055563
2019-12-26,PepsiCo Inc,1196438.0,125868629.43123221,0.027674944916511814
2019-12-26,SPDR Gold Shares,886261.0,97118326.16024014,0.02135356791452879
2019-12-26,Starbucks Corp,2290004.0,155231357.11536983,0.034130976692888726
2019-12-26,Visa Inc,1547554.0,225302327.8996383,0.049537597591709406
2019-12-27,Accenture PLC,1061355.0,172228749.12066063,0.02485259559537958
2019-12-27,Alphabet Inc,165792.0,171568816.6233369,0.024757367385455434
2019-12-27,Apple Inc,481720.0,106746028.44471632,0.015403443907560582
2019-12-27,British American Tobacco PLC,5628884.0,183839351.44,0.026528004640237482
2019-12-27,Colgate-Palmolive Co,3270296.0,172992106.8053219,0.02496274805208831
2019-12-27,Nestle SA,2633659.0,219781425.5686275,0.031714443244353074
2019-12-27,Not Available,7956392.0,204488441.6188686,0.029507666806095866
2019-12-27,PepsiCo Inc,1196438.0,125828171.37176937,0.018156995702371777
2019-12-27,Starbucks Corp,2290004.0,154318743.32466736,0.022268183100768193
2019-12-27,Visa Inc,1547554.0,224110148.38660344,0.032339077622695334
2019-12-30,Accenture PLC,1061355.0,170490213.68107986,0.024788105841659875
2019-12-30,Alphabet Inc,165792.0,169175302.44795245,0.02459692678149328
2019-12-30,Apple Inc,479294.0,106553639.04522231,0.015492167118798719
2019-12-30,British American Tobacco PLC,5628884.0,183304607.45999998,0.026651230665251026
2019-12-30,Colgate-Palmolive Co,3270296.0,171557738.00045758,0.02494331654405703
2019-12-30,Nestle SA,2633659.0,217099197.56116748,0.03156473190509501
2019-12-30,Not Available,8047392.0,205257132.90332517,0.02984297705603677
2019-12-30,PepsiCo Inc,1196438.0,124826266.13284528,0.0181488815686994
2019-12-30,Starbucks Corp,2290004.0,152701860.5658507,0.02220180150049725
2019-12-30,Visa Inc,1547554.0,221670912.69732332,0.032229427879287016
2019-12-31,Accenture PLC,6368130.0,1011493651.7311606,0.029138656898278117
2019-12-31,Alphabet Inc,994752.0,1004202289.4772571,0.028928610594305838
2019-12-31,Anheuser-Busch InBev SA/NV,9970206.0,613051736.372093,0.01766052033689669
2019-12-31,Apple Inc,2875764.0,636997886.8522289,0.018350350334031144
2019-12-31,British American Tobacco PLC,33773304.0,1091384318.7599998,0.031440111516350844
2019-12-31,Colgate-Palmolive Co,19621776.0,1018905529.0337181,0.02935217494589188
2019-12-31,London Stock Exchange Group PL,7498320.0,581119800.0,0.01674063939008936
2019-12-31,PepsiCo Inc,7178628.0,740064184.0235347,0.021319438143836654
2019-12-31,Starbucks Corp,13740024.0,911233997.193935,0.02625042159467527
2019-12-31,Visa Inc,9285324.0,1316068778.4566643,0.0379127209788729
2020-01-01,Accenture PLC,1061355.0,168620433.34087822,0.029136633088976568
2020-01-01,Alphabet Inc,165792.0,167404931.23585334,0.028926601373654184
2020-01-01,Anheuser-Busch InBev SA/NV,1661701.0,102244461.12380467,0.017667249989341712
2020-01-01,Apple Inc,479294.0,106190344.87701826,0.01834907582059621
2020-01-01,British American Tobacco PLC,5628884.0,181897386.45999998,0.03143081359786755
2020-01-01,Colgate-Palmolive Co,3270296.0,169856025.8337106,0.029350136306812408
2020-01-01,London Stock Exchange Group PL,1249720.0,96853300.0,0.01673568860929056
2020-01-01,PepsiCo Inc,1196438.0,123371949.19269654,0.021317957414049758
2020-01-01,Starbucks Corp,2290004.0,151906708.67662594,0.02624859838615957
2020-01-01,Visa Inc,1547554.0,219394444.3941452,0.03791008777180259
2020-01-02,Accenture PLC,1061355.0,169679538.41764933,0.02707572457779516
2020-01-02,Alphabet Inc,165792.0,172549097.22327882,0.027533619410640423
2020-01-02,Anheuser-Busch InBev SA/NV,1661701.0,105165766.77145283,0.016781277004112364
2020-01-02,Apple Inc,479294.0,109513847.77481933,0.017475099281017197
2020-01-02,British American Tobacco PLC,5628884.0,183783062.6,0.02932622065940096
2020-01-02,Colgate-Palmolive Co,3270296.0,169473232.04260176,0.02704280431739416
2020-01-02,PepsiCo Inc,1196438.0,123621307.84328641,0.019726223411057422
2020-01-02,SPDR Gold Shares,886261.0,97053838.68391024,0.01548685852123925
2020-01-02,Starbucks Corp,2290004.0,155657556.0289083,0.02483824010127707
2020-01-02,Visa Inc,1547554.0,225004580.05325222,0.035903928635573415
2020-01-03,Accenture PLC,1061355.0,170199708.78238937,0.025307949894291235
2020-01-03,Alphabet Inc,165792.0,172485827.62363374,0.02564788573496052
2020-01-03,Anheuser-Busch InBev SA/NV,1661701.0,105450831.11566019,0.015680075890133552
2020-01-03,Apple Inc,479294.0,108963092.88389514,0.016202333803980947
2020-01-03,British American Tobacco PLC,5628884.0,188680191.68,0.02805591661257172
2020-01-03,Colgate-Palmolive Co,3270296.0,170026396.02537644,0.025282179047784487
2020-01-03,Nestle SA,2633659.0,220082232.86960623,0.03272526235170646
2020-01-03,PepsiCo Inc,1196438.0,124033391.37812427,0.01844322106467306
2020-01-03,Starbucks Corp,2290004.0,155485022.7929374,0.02311994065270426
2020-01-03,Visa Inc,1547554.0,224272902.54528776,0.03334839654467547
2020-01-06,Accenture PLC,1061355.0,167958562.4857642,0.025108550396520185
2020-01-06,Alphabet Inc,165792.0,175742001.30589935,0.026272116355773728
2020-01-06,Anheuser-Busch InBev SA/NV,1661701.0,104944331.01190478,0.015688393524235143
2020-01-06,Apple Inc,479294.0,109097518.18388887,0.01630926398103476
2020-01-06,British American Tobacco PLC,5628884.0,188567614.0,0.028189449642806178
2020-01-06,Colgate-Palmolive Co,3270296.0,170057378.36155188,0.02542230769123803
2020-01-06,Nestle SA,2633659.0,219526675.03922188,0.03281759799575563
2020-01-06,PepsiCo Inc,1196438.0,123677043.27689622,0.01848879406951199
2020-01-06,Starbucks Corp,2290004.0,153229103.72788703,0.02290660634518924
2020-01-06,Visa Inc,1547554.0,222292719.80867055,0.03323110102569862
2020-01-07,Accenture PLC,1061355.0,164895722.3449642,0.023907705512486
2020-01-07,Alphabet Inc,165792.0,176110325.8418406,0.025533675149719614
2020-01-07,Anheuser-Busch InBev SA/NV,1661701.0,104567572.48704223,0.015160919238073164
2020-01-07,Apple Inc,479294.0,108956678.85113516,0.01579728178843811
2020-01-07,British American Tobacco PLC,5628884.0,191719789.04000002,0.027796841495350288
2020-01-07,Colgate-Palmolive Co,3270296.0,168298411.39722687,0.024401050559011032
2020-01-07,Nestle SA,2633659.0,217575723.88880163,0.03154561112578365
2020-01-07,PepsiCo Inc,1196438.0,122150431.49474326,0.01771020195593692
2020-01-07,Starbucks Corp,2290004.0,153283369.98323935,0.02222406753435492
2020-01-07,Visa Inc,1547554.0,222465308.7460003,0.032254536458604974
2020-01-08,Accenture PLC,1061355.0,165584994.38802782,0.023903380452257372
2020-01-08,Alphabet Inc,165792.0,177818742.1241506,0.025669409599851607
2020-01-08,Anheuser-Busch InBev SA/NV,1661701.0,103509332.19706604,0.014942313806935486
2020-01-08,Apple Inc,479294.0,110954529.93815376,0.0160170814500135
2020-01-08,British American Tobacco PLC,5628884.0,195294130.38,0.02819210711585721
2020-01-08,Colgate-Palmolive Co,3270296.0,172965873.03962737,0.02496886317388426
2020-01-08,Nestle SA,2633659.0,213740850.38814393,0.030855023330460855
2020-01-08,PepsiCo Inc,1196438.0,123051232.03787126,0.01776332707798131
2020-01-08,Starbucks Corp,2290004.0,155406242.2844926,0.02243400464946055
2020-01-08,Visa Inc,1547554.0,226774500.7864396,0.0327365241591054
2020-01-09,Accenture PLC,1061355.0,167443432.50172192,0.02396222963942464
2020-01-09,Alphabet Inc,165792.0,180143024.04530498,0.02577962267985399
2020-01-09,Anheuser-Busch InBev SA/NV,1661701.0,103483852.53675532,0.01480920333159431
2020-01-09,Apple Inc,479294.0,113571440.43774393,0.01625280189010382
2020-01-09,British American Tobacco PLC,5628884.0,194703097.56,0.027863262628661418
2020-01-09,Colgate-Palmolive Co,3270296.0,174839579.5209306,0.025020665737355213
2020-01-09,Nestle SA,2633659.0,213459325.14546314,0.030547399150812306
2020-01-09,PepsiCo Inc,1196438.0,123416146.03198896,0.0176616424319949
2020-01-09,Starbucks Corp,2290004.0,158654673.69709957,0.022704501858911593
2020-01-09,Visa Inc,1547554.0,228870291.95683786,0.03275280739037354
2020-01-10,Accenture PLC,1061355.0,168708649.1886099,0.02414547629448559
2020-01-10,Alphabet Inc,165792.0,181390962.75260258,0.02596056107520881
2020-01-10,Anheuser-Busch InBev SA/NV,1661701.0,104146275.64691861,0.01490534979614672
2020-01-10,Apple Inc,479294.0,113854337.89038579,0.01629476158915427
2020-01-10,British American Tobacco PLC,5628884.0,195997740.88,0.02805107401992212
2020-01-10,Colgate-Palmolive Co,3270296.0,175605683.09859157,0.025132575471538146
2020-01-10,Nestle SA,2633659.0,213370736.2348497,0.030537486243137592
2020-01-10,PepsiCo Inc,1196438.0,123206371.81567667,0.01763321883206592
2020-01-10,Starbucks Corp,2290004.0,158042529.57746482,0.02261894793056553
2020-01-10,Visa Inc,1547554.0,229538838.47213718,0.032851454917386225
2020-01-13,Accenture PLC,1061355.0,171259830.97236127,0.025015130178451615
2020-01-13,Alphabet Inc,165792.0,183758670.38263145,0.026840777752388134
2020-01-13,Anheuser-Busch InBev SA/NV,1661701.0,103487781.48624325,0.015115980852365294
2020-01-13,Apple Inc,479294.0,116958215.59781353,0.017083544763575546
2020-01-13,British American Tobacco PLC,5628884.0,196729495.8,0.0287353661359876
2020-01-13,Colgate-Palmolive Co,3270296.0,176594473.3543768,0.02579433667938025
2020-01-13,Nestle SA,2633659.0,216248257.6209358,0.03158638125786809
2020-01-13,PepsiCo Inc,1196438.0,125760012.42589885,0.018369182453445567
2020-01-13,Starbucks Corp,2290004.0,160577076.23373625,0.023454749679802735
2020-01-13,Visa Inc,1547554.0,232722859.97382402,0.03399275010779551
2020-01-14,Accenture PLC,1061355.0,169348854.8659651,0.024040426970937077
2020-01-14,Alphabet Inc,165792.0,182197253.72148398,0.025864360144999834
2020-01-14,Anheuser-Busch InBev SA/NV,1661701.0,102318621.15746282,0.01452494817074383
2020-01-14,Apple Inc,479294.0,115113025.51655273,0.016341216393370925
2020-01-14,British American Tobacco PLC,5628884.0,196054029.72,0.027831440534817738
2020-01-14,Colgate-Palmolive Co,3270296.0,176564333.54328293,0.02506472198810565
2020-01-14,Nestle SA,2633659.0,216272045.2437669,0.030701549848996954
2020-01-14,PepsiCo Inc,1196438.0,125764298.56363773,0.01785324995296377
2020-01-14,Starbucks Corp,2290004.0,160048747.18488362,0.02272020216217857
2020-01-14,Visa Inc,1547554.0,233042446.96213228,0.033082242757152346
2020-01-15,Accenture PLC,1061355.0,168719464.10492405,0.023876448880341596
2020-01-15,Alphabet Inc,165792.0,183009546.24942473,0.02589871950352748
2020-01-15,Anheuser-Busch InBev SA/NV,1661701.0,102140471.9343253,0.014454477849913397
2020-01-15,Apple Inc,479294.0,114452672.15830648,0.016196847177672766
2020-01-15,British American Tobacco PLC,5628884.0,197404961.88,0.02793589646611522
2020-01-15,Colgate-Palmolive Co,3270296.0,177586253.10630465,0.025131238512630737
2020-01-15,Nestle SA,2633659.0,217523052.80827367,0.0307829216873444
2020-01-15,PepsiCo Inc,1196438.0,127737513.11550848,0.01807686041551024
2020-01-15,Starbucks Corp,2290004.0,160781535.63429976,0.022753107573218884
2020-01-15,Visa Inc,1547554.0,237153926.36907503,0.033560998013851914
2020-01-16,Accenture PLC,1061355.0,169573369.9541284,0.023955236418705145
2020-01-16,Alphabet Inc,165792.0,183901346.7584098,0.02597931644873068
2020-01-16,Anheuser-Busch InBev SA/NV,1661701.0,101583764.83610046,0.014350502697500279
2020-01-16,Apple Inc,479294.0,115514251.19266056,0.01631843017449278
2020-01-16,British American Tobacco PLC,5628884.0,194928252.92000002,0.02753706189036003
2020-01-16,Colgate-Palmolive Co,3270296.0,176891010.7033639,0.02498898254418762
2020-01-16,Nestle SA,2633659.0,218932426.57896823,0.030928075793025225
2020-01-16,PepsiCo Inc,1196438.0,127702377.04892968,0.01804021842737023
2020-01-16,Starbucks Corp,2290004.0,162086062.9357798,0.022897521933155376
2020-01-16,Visa Inc,1547554.0,237753039.98470947,0.03358682016899383
